Date,True,Deep LSTM with 50-50-50-50 neuron,LSTM with 50-50-50-50 neuron and recurrent dropout,Shallow LSTM 50-50 neurons,Shallow LSTM 50-10 neurons,Shallow LSTM 10-10 neurons,Shallow LSTM 10-10 neurons without callback opt,Shallow LSTM 5-5 neurons without callback opt
2018-12-20,38.239253997802734,39.94656,41.311275,40.968796,40.310463,40.312447,40.00593,35.582203
2018-12-21,36.75191116333008,39.190163,41.12888,40.61645,39.977364,40.041008,39.700638,35.478737
2018-12-24,35.800994873046875,38.09934,40.91642,40.15903,39.542633,39.70011,39.30556,35.347794
2018-12-26,38.3221549987793,36.89901,40.68441,39.61029,39.019653,39.297768,38.83197,35.184807
2018-12-27,38.073455810546875,36.670467,40.404602,39.181133,38.61296,38.9476,38.4554,35.01734
2018-12-28,38.092960357666016,37.167183,40.10082,38.833355,38.28669,38.628193,38.143265,34.861557
2018-12-31,38.46113967895508,37.84894,39.754112,38.55833,38.02899,38.340385,37.888264,34.714718
2019-01-02,38.50502395629883,38.428772,39.418156,38.368763,37.851902,38.10851,37.70472,34.588284
2019-01-03,34.669639587402344,38.742355,39.1011,38.24589,37.73711,37.9261,37.578297,34.48418
2019-01-04,36.149662017822266,37.739185,38.766273,37.948746,37.449146,37.64536,37.305546,34.35971
2019-01-07,36.0692024230957,36.575695,38.47879,37.65471,37.16246,37.38672,37.038864,34.227165
2019-01-08,36.75679397583008,35.8264,38.202,37.36913,36.886093,37.132355,36.78021,34.096355
2019-01-09,37.380985260009766,35.76421,37.955772,37.146313,36.67303,36.918217,36.57533,33.976807
2019-01-10,37.500465393066406,36.301304,37.709003,37.009293,36.544533,36.75211,36.44242,33.87624
2019-01-11,37.13228988647461,37.023884,37.480602,36.94111,36.482624,36.632076,36.368435,33.798653
2019-01-14,36.57392120361328,37.457336,37.26925,36.8988,36.443882,36.536427,36.31774,33.73764
2019-01-15,37.322471618652344,37.37919,37.07097,36.843395,36.38988,36.442966,36.257736,33.683937
2019-01-16,37.77842330932617,37.22273,36.922455,36.828625,36.37486,36.390915,36.23557,33.646854
2019-01-17,38.00273895263672,37.263348,36.80387,36.864017,36.40898,36.37805,36.258213,33.629795
2019-01-18,38.236812591552734,37.491756,36.70062,36.940495,36.482655,36.39604,36.317245,33.6309
2019-01-22,37.37855529785156,37.807835,36.650406,37.053356,36.59124,36.452263,36.410374,33.652287
2019-01-23,37.52972412109375,37.823822,36.641087,37.131996,36.665413,36.502064,36.477318,33.679028
2019-01-24,37.23225402832031,37.657158,36.674675,37.19489,36.72369,36.557083,36.533524,33.706936
2019-01-25,38.466007232666016,37.393517,36.730984,37.225525,36.75106,36.59895,36.56389,33.7307
2019-01-28,38.11002731323242,37.503677,36.742565,37.302837,36.824184,36.657227,36.632034,33.755596
2019-01-29,37.715030670166016,37.76933,36.770992,37.385094,36.90316,36.719906,36.70516,33.78832
2019-01-30,40.292266845703125,37.885654,36.80783,37.443577,36.95854,36.771114,36.758472,33.819122
2019-01-31,40.582427978515625,38.560028,36.85268,37.63333,37.141647,36.90337,36.923134,33.87224
2019-02-01,40.60193634033203,39.55327,36.92084,37.907158,37.406593,37.089527,37.16007,33.95503
2019-02-04,41.755226135253906,40.356285,37.089195,38.222572,37.710438,37.328625,37.436165,34.06364
2019-02-05,42.469642639160156,41.062077,37.25124,38.607334,38.077946,37.614845,37.770844,34.187546
2019-02-06,42.48426818847656,41.728683,37.44835,39.05389,38.502655,37.95192,38.15955,34.333115
2019-02-07,41.67964553833008,42.165478,37.66856,39.512085,38.93587,38.30746,38.55962,34.490055
2019-02-08,41.728614807128906,42.063477,37.910927,39.904423,39.303646,38.635174,38.906166,34.643173
2019-02-11,41.48863983154297,41.691994,38.178093,40.237118,39.613243,38.938236,39.204193,34.786064
2019-02-12,41.846160888671875,41.28072,38.467728,40.498783,39.855953,39.203537,39.44386,34.916233
2019-02-13,41.67229461669922,41.124172,38.771423,40.72153,40.063206,39.44512,39.65089,35.03375
2019-02-14,41.824119567871094,41.15687,39.05435,40.89471,40.225,39.645966,39.81511,35.13532
2019-02-15,41.73106002807617,41.325287,39.317856,41.036327,40.358047,39.817604,39.951122,35.222393
2019-02-19,41.855953216552734,41.4919,39.562176,41.144485,40.460438,39.95864,40.05726,35.296776
2019-02-20,42.12531280517578,41.631355,39.7842,41.232895,40.54473,40.077576,40.144737,35.35977
2019-02-21,41.88778305053711,41.796112,40.002605,41.319992,40.628536,40.18954,40.229362,35.41704
2019-02-22,42.35549545288086,41.859585,40.19539,41.38599,40.692562,40.27889,40.294224,35.465446
2019-02-25,42.66402816772461,41.96693,40.37258,41.462906,40.766808,40.368908,40.366333,35.50844
2019-02-26,42.68851089477539,42.176525,40.50956,41.557693,40.8576,40.458668,40.45122,35.547707
2019-02-27,42.82074737548828,42.383457,40.642204,41.66062,40.955894,40.550983,40.54189,35.58731
2019-02-28,42.39957046508789,42.54215,40.77263,41.770294,41.06007,40.647198,40.637478,35.626472
2019-03-01,42.84523391723633,42.488632,40.848232,41.850746,41.13538,40.716393,40.7074,35.656548
2019-03-04,43.06071853637695,42.452335,40.91962,41.937176,41.21583,40.790535,40.782375,35.684536
2019-03-05,42.982357025146484,42.538677,40.9931,42.033863,41.306202,40.871037,40.866177,35.714466
2019-03-06,42.735042572021484,42.650253,41.0489,42.125546,41.39169,40.945133,40.945576,35.74276
2019-03-07,42.24039840698242,42.64946,41.09737,42.19534,41.45632,41.005634,41.006958,35.768005
2019-03-08,42.340797424316406,42.426193,41.14901,42.219994,41.47847,41.040676,41.031403,35.787518
2019-03-11,43.807579040527344,42.1793,41.213734,42.22225,41.479954,41.06492,41.03773,35.80207
2019-03-12,44.299774169921875,42.47381,41.27527,42.293633,41.547176,41.12724,41.100933,35.820683
2019-03-13,44.49566650390625,43.201355,41.343903,42.42971,41.67621,41.22442,41.217113,35.851894
2019-03-14,44.99030303955078,43.954388,41.41386,42.60875,41.84493,41.346794,41.36792,35.892246
2019-03-15,45.5755500793457,44.56339,41.501038,42.83317,42.05487,41.502567,41.55614,35.94268
2019-03-18,46.04081726074219,45.056366,41.60422,43.10533,42.308033,41.69379,41.784077,36.003815
2019-03-19,45.67595291137695,45.46969,41.73235,43.41725,42.59706,41.917614,42.045498,36.075867
2019-03-20,46.075096130371094,45.57615,41.881447,43.7136,42.87052,42.140556,42.295246,36.15278
2019-03-21,47.772056579589844,45.57889,42.047867,44.006577,43.139645,42.370644,42.543247,36.22989
2019-03-22,46.782772064208984,46.10899,42.243256,44.377125,43.480038,42.6553,42.855526,36.315334
2019-03-25,46.21711349487305,46.490036,42.452415,44.71294,43.788704,42.919857,43.14041,36.40609
2019-03-26,45.739620208740234,46.377293,42.672966,44.97786,44.031204,43.148598,43.367985,36.488457
2019-03-27,46.151004791259766,45.87268,42.900574,45.156696,44.19443,43.33034,43.52662,36.559498
2019-03-28,46.21221923828125,45.498924,43.12443,45.295452,44.32139,43.4872,43.653202,36.619473
2019-03-29,46.5134162902832,45.415012,43.34722,45.403595,44.421734,43.61988,43.75489,36.673225
2019-04-01,46.82930374145508,45.63231,43.548656,45.502716,44.514595,43.737274,43.847923,36.71947
2019-04-02,47.51003646850586,46.046295,43.732967,45.608185,44.613705,43.84921,43.944405,36.76188
2019-04-03,47.835731506347656,46.6388,43.90776,45.75022,44.746254,43.976048,44.06855,36.804386
2019-04-04,47.91897201538086,47.228218,44.079067,45.92413,44.90767,44.116783,44.216614,36.850273
2019-04-05,48.2397575378418,47.606697,44.25338,46.11216,45.081318,44.26473,44.374485,36.89873
2019-04-08,48.998870849609375,47.816277,44.422333,46.315758,45.267998,44.422,44.543594,36.947372
2019-04-09,48.8519401550293,48.11843,44.56833,46.5588,45.489098,44.600674,44.74329,36.995693
2019-04-10,49.12619400024414,48.331577,44.715004,46.802982,45.710686,44.780922,44.943768,37.047417
2019-04-11,48.717262268066406,48.48167,44.869553,47.05014,45.934174,44.967655,45.146572,37.099167
2019-04-12,48.69766616821289,48.408127,45.02525,47.260197,46.123833,45.135048,45.320396,37.149548
2019-04-15,48.78582000732422,48.22173,45.178192,47.434685,46.281116,45.2843,45.46649,37.194344
2019-04-16,48.79072189331055,48.094135,45.32778,47.58176,46.413895,45.41783,45.591576,37.23458
2019-04-17,49.74082565307617,48.07085,45.48442,47.7037,46.524796,45.53622,45.69731,37.272247
2019-04-18,49.919586181640625,48.444546,45.63329,47.85645,46.66344,45.669605,45.827133,37.306923
2019-04-22,50.08364486694336,48.996704,45.755478,48.026295,46.817394,45.804413,45.96975,37.341457
2019-04-23,50.806026458740234,49.47098,45.900482,48.20854,46.982685,45.94752,46.1215,37.379868
2019-04-24,50.727664947509766,49.956276,46.05961,48.42825,47.18093,46.114136,46.30184,37.420994
2019-04-25,50.26729965209961,50.248375,46.23052,48.651836,47.382393,46.283104,46.484596,37.466553
2019-04-26,50.02732467651367,50.135044,46.395924,48.838055,47.549942,46.430508,46.63725,37.509933
2019-04-29,50.10323715209961,49.74578,46.559288,48.97783,47.67574,46.553337,46.753426,37.548347
2019-04-30,49.1384391784668,49.39883,46.713036,49.08492,47.7723,46.657177,46.8443,37.580925
2019-05-01,51.5504264831543,48.90532,46.85145,49.109814,47.79646,46.709145,46.87123,37.607822
2019-05-02,51.21495056152344,49.325768,46.97109,49.221928,47.897182,46.810562,46.965733,37.62544
2019-05-03,51.851619720458984,50.100647,47.082287,49.356106,48.018505,46.913616,47.07741,37.651997
2019-05-06,51.0508918762207,50.923264,47.19375,49.534554,48.1785,47.040497,47.221455,37.678715
2019-05-07,49.67470932006836,51.14144,47.30256,49.682686,48.31134,47.14797,47.341053,37.70848
2019-05-08,49.68449783325195,50.41174,47.39752,49.727,48.351974,47.19668,47.37949,37.73199
2019-05-09,49.15068435668945,49.45355,47.48841,49.70882,48.336906,47.214375,47.369926,37.74513
2019-05-10,48.469783782958984,48.62205,47.560646,49.621082,48.26077,47.18795,47.307266,37.751415
2019-05-13,45.652740478515625,47.96089,47.61799,49.457973,48.11856,47.1121,47.185776,37.749264
2019-05-14,46.37543487548828,46.720505,47.639225,49.09763,47.801514,46.911198,46.908596,37.73283
2019-05-15,46.930973052978516,45.777824,47.613525,48.683495,47.434444,46.67203,46.586773,37.690166
2019-05-16,46.724491119384766,45.62181,47.54075,48.288334,47.083576,46.424404,46.278015,37.638565
2019-05-17,46.45901107788086,45.942257,47.409237,47.914097,46.750523,46.165337,45.98105,37.580406
2019-05-20,45.006248474121094,46.276863,47.23935,47.56138,46.435165,45.902946,45.695877,37.517307
2019-05-21,45.869056701660156,45.975903,47.03427,47.160416,46.07398,45.6014,45.36743,37.447437
2019-05-22,44.93004608154297,45.644707,46.79136,46.80541,45.751453,45.320957,45.07191,37.367905
2019-05-23,44.16310119628906,45.188103,46.529793,46.444046,45.421913,45.029343,44.768795,37.288994
2019-05-24,43.99348831176758,44.54713,46.257504,46.05862,45.06878,44.721653,44.443718,37.20368
2019-05-28,43.81158447265625,43.956272,45.97176,45.67213,44.713043,44.411854,44.116,37.111637
2019-05-29,43.60264205932617,43.55848,45.669724,45.296772,44.36646,44.104774,43.795742,37.015503
2019-05-30,43.828792572021484,43.344215,45.371986,44.93939,44.035984,43.80718,43.489002,36.91851
2019-05-31,43.03481674194336,43.360527,45.026257,44.62473,43.743404,43.526527,43.21472,36.817825
2019-06-03,42.5997200012207,43.258728,44.68872,44.31174,43.45205,43.24764,42.941414,36.72012
2019-06-04,44.15818405151367,42.943874,44.343895,43.994194,43.15524,42.967422,42.663914,36.61947
2019-06-05,44.87104415893555,43.081264,44.0242,43.784092,42.958233,42.75638,42.475307,36.529274
2019-06-06,45.52982711791992,43.731415,43.74662,43.691296,42.871475,42.61948,42.38373,36.462887
2019-06-07,46.74169921875,44.63793,43.495388,43.71314,42.890934,42.55707,42.386272,36.41922
2019-06-10,47.33903121948242,45.717514,43.293526,43.874836,43.039227,42.592678,42.50468,36.403824
2019-06-11,47.8871955871582,46.69241,43.15408,44.14667,43.288242,42.713135,42.71548,36.418453
2019-06-12,47.73478698730469,47.39905,43.11998,44.50361,43.6146,42.91405,42.999252,36.462143
2019-06-13,47.72495651245117,47.62497,43.125534,44.87947,43.95608,43.145824,43.30133,36.520374
2019-06-14,47.37836837768555,47.481544,43.1752,45.245148,44.286457,43.3925,43.598816,36.586006
2019-06-17,47.66104507446289,47.09433,43.27706,45.56346,44.573174,43.62996,43.862194,36.655163
2019-06-18,48.78196716308594,46.826324,43.42241,45.850235,44.831455,43.86283,44.1035,36.723644
2019-06-19,48.63938903808594,47.139595,43.623886,46.16455,45.116085,44.122707,44.369373,36.7969
2019-06-20,49.030235290527344,47.671135,43.8314,46.464462,45.388638,44.371117,44.62456,36.871323
2019-06-21,48.86307907104492,48.2228,44.07314,46.762478,45.659897,44.622513,44.87817,36.946354
2019-06-24,48.81391906738281,48.52194,44.33681,47.03085,45.904667,44.857155,45.107864,37.02116
2019-06-25,48.07402038574219,48.542225,44.60378,47.261993,46.11568,45.068592,45.307068,37.09063
2019-06-26,49.11381149291992,48.164356,44.865715,47.41389,46.25545,45.229794,45.442562,37.152515
2019-06-27,49.099063873291016,48.053867,45.118244,47.568665,46.397453,45.38997,45.579163,37.205147
2019-06-28,48.65167999267578,48.19915,45.351284,47.711796,46.529522,45.532948,45.705524,37.25538
2019-07-01,49.543983459472656,48.2657,45.579433,47.814796,46.62592,45.64612,45.798355,37.30153
2019-07-02,49.834049224853516,48.535015,45.794632,47.93849,46.740307,45.767136,45.90566,37.341652
2019-07-03,50.24702072143555,48.956135,45.966347,48.080284,46.870235,45.887253,46.02543,37.37844
2019-07-05,50.20277404785156,49.436874,46.11781,48.249153,47.023712,46.017582,46.164726,37.414104
2019-07-08,49.16789245605469,49.74128,46.255146,48.421745,47.17977,46.146908,46.30564,37.449844
2019-07-09,49.4677848815918,49.448788,46.36993,48.527405,47.275406,46.234974,46.393154,37.481117
2019-07-10,49.95695495605469,49.01569,46.47319,48.60568,47.345726,46.31023,46.459076,37.503895
2019-07-11,49.59315490722656,48.888752,46.56609,48.68903,47.42057,46.387054,46.52966,37.52408
2019-07-12,49.97416305541992,48.888813,46.65921,48.74913,47.47548,46.447124,46.582268,37.54469
2019-07-15,50.44367980957031,49.063198,46.748623,48.813972,47.53461,46.508606,46.63805,37.562065
2019-07-16,50.269142150878906,49.444023,46.840496,48.90387,47.616154,46.58269,46.71319,37.580708
2019-07-17,49.9864616394043,49.73924,46.92454,48.992466,47.696545,46.65219,46.78657,37.600346
2019-07-18,50.554290771484375,49.74738,46.98814,49.059063,47.756786,46.70622,46.841816,37.61638
2019-07-19,49.79964065551758,49.783596,47.055367,49.14236,47.831448,46.772076,46.910007,37.631065
2019-07-22,50.9377555847168,49.592274,47.11533,49.185966,47.871124,46.812183,46.947346,37.646458
2019-07-23,51.335975646972656,49.71385,47.17891,49.26991,47.946095,46.87853,47.01585,37.658504
2019-07-24,51.294189453125,50.15837,47.24624,49.393234,48.056164,46.96523,47.11521,37.67606
2019-07-25,50.88859939575195,50.583134,47.330025,49.531265,48.17952,47.06092,47.225513,37.698647
2019-07-26,51.06558609008789,50.649967,47.400032,49.64613,48.28174,47.142666,47.316994,37.71966
2019-07-29,51.54246139526367,50.5381,47.47536,49.752026,48.37562,47.22349,47.401676,37.73879
2019-07-30,51.321231842041016,50.56735,47.562416,49.87284,48.482697,47.315998,47.498646,37.75893
2019-07-31,52.3683967590332,50.608578,47.637997,49.980762,48.578484,47.398735,47.585804,37.77899
2019-08-01,51.235191345214844,50.99564,47.716103,50.135357,48.714935,47.510517,47.70892,37.797623
2019-08-02,50.15115737915039,51.047134,47.793762,50.242397,48.81023,47.591732,47.795788,37.820927
2019-08-05,47.52585220336914,50.447647,47.87265,50.25582,48.823475,47.621925,47.810265,37.838417
2019-08-06,48.42552947998047,48.83813,47.952663,50.06384,48.65684,47.53546,47.666683,37.847004
2019-08-07,48.92699432373047,47.57763,47.998486,49.81158,48.435802,47.41473,47.476383,37.832073
2019-08-08,50.00612258911133,47.263485,48.003536,49.56098,48.216408,47.279766,47.28782,37.809917
2019-08-09,49.594051361083984,48.002213,47.98564,49.387016,48.065254,47.17286,47.156967,37.786156
2019-08-12,49.46820831298828,48.921364,47.937584,49.244427,47.94169,47.067116,47.04688,37.765476
2019-08-13,51.563106536865234,49.446434,47.86514,49.124516,47.83675,46.96693,46.950512,37.7432
2019-08-14,50.02832794189453,50.256523,47.79149,49.146393,47.855854,46.949196,46.962646,37.724285
2019-08-15,49.779109954833984,50.436634,47.724773,49.16229,47.869625,46.92431,46.968945,37.72019
2019-08-16,50.953636169433594,50.000862,47.654247,49.163685,47.868855,46.89861,46.9622,37.71234
2019-08-19,51.90362548828125,49.81659,47.60673,49.224285,47.919758,46.918343,47.00281,37.7072
2019-08-20,51.906089782714844,50.24451,47.557175,49.367302,48.04335,46.988125,47.10854,37.70894
2019-08-21,52.46867752075195,50.856125,47.52607,49.552032,48.204136,47.086506,47.247448,37.720318
2019-08-22,52.42426300048828,51.477764,47.525566,49.784836,48.407063,47.223156,47.42447,37.737823
2019-08-23,50.00118637084961,51.83761,47.56241,50.03014,48.621128,47.377438,47.61292,37.763542
2019-08-26,50.951171875,51.02443,47.61754,50.130592,48.708862,47.45516,47.691727,37.791203
2019-08-27,50.376243591308594,50.181255,47.678417,50.195522,48.764755,47.525997,47.745,37.804417
2019-08-28,50.714290618896484,49.564713,47.748272,50.19852,48.767876,47.560978,47.75403,37.81818
2019-08-29,51.572975158691406,49.42961,47.800037,50.182655,48.755127,47.580765,47.74931,37.823803
2019-08-30,51.50635528564453,49.93911,47.868736,50.205532,48.777515,47.61946,47.775173,37.83084
2019-09-03,50.75623321533203,50.609936,47.94944,50.24487,48.81527,47.66061,47.813,37.843365
2019-09-04,51.61738967895508,50.79451,48.060623,50.250965,48.824566,47.681137,47.823753,37.860466
2019-09-05,52.62659454345703,50.903328,48.141285,50.284042,48.855877,47.713894,47.853,37.869648
2019-09-06,52.62165832519531,51.344852,48.206673,50.38714,48.947704,47.782387,47.93515,37.880623
2019-09-09,52.84619903564453,51.81516,48.255436,50.524616,49.069057,47.865093,48.042168,37.895977
2019-09-10,53.4704704284668,52.146805,48.31842,50.690044,49.214283,47.967278,48.16945,37.914967
2019-09-11,55.170570373535156,52.482487,48.394157,50.89772,49.395542,48.09899,48.32863,37.93708
2019-09-12,55.04719543457031,53.333244,48.456192,51.212498,49.668133,48.294933,48.56865,37.95954
2019-09-13,53.97630310058594,54.1105,48.57166,51.56669,49.97535,48.51948,48.839344,37.997807
2019-09-16,54.26007080078125,54.04273,48.71405,51.863457,50.232822,48.719025,49.066402,38.04058
2019-09-17,54.45746994018555,53.610783,48.856842,52.125126,50.45886,48.90952,49.267433,38.075844
2019-09-18,54.96823501586914,53.28815,49.002197,52.359673,50.661526,49.09006,49.45035,38.108887
2019-09-19,54.52162551879883,53.3769,49.16292,52.592514,50.863388,49.273014,49.633858,38.14098
2019-09-20,53.72462463378906,53.504765,49.32471,52.7833,51.03009,49.429543,49.787,38.173584
2019-09-23,53.96890640258789,53.276474,49.490105,52.89372,51.128956,49.53949,49.880466,38.203545
2019-09-24,53.712284088134766,53.03226,49.68665,52.96539,51.195587,49.631004,49.945744,38.23095
2019-09-25,54.53889846801758,52.829887,49.850323,52.99,51.22185,49.687233,49.975727,38.25299
2019-09-26,54.25760269165039,53.046555,50.00536,53.032635,51.263317,49.748386,50.018406,38.269974
2019-09-27,53.993587493896484,53.33412,50.136177,53.0646,51.29546,49.79215,50.051804,38.287434
2019-09-30,55.264339447021484,53.40843,50.236195,53.074024,51.30755,49.81517,50.06583,38.300285
2019-10-01,55.417320251464844,53.8008,50.325386,53.142296,51.36862,49.869358,50.121983,38.308407
2019-10-02,54.02812576293945,54.313168,50.41811,53.248196,51.46148,49.939003,50.205162,38.32326
2019-10-03,54.48707962036133,54.11107,50.48886,53.291485,51.500595,49.967503,50.23939,38.33984
2019-10-04,56.01445388793945,53.718067,50.538277,53.323772,51.528915,49.993904,50.263626,38.346413
2019-10-07,56.02679443359375,54.012337,50.58808,53.432426,51.621346,50.065945,50.345253,38.3514
2019-10-08,55.37043762207031,54.62418,50.63904,53.577904,51.74522,50.154167,50.454254,38.36388
2019-10-09,56.01939010620117,54.843655,50.687183,53.70104,51.850174,50.229244,50.545433,38.378315
2019-10-10,56.774444580078125,54.96082,50.71994,53.841236,51.968426,50.318806,50.648304,38.386135
2019-10-11,58.2845458984375,55.30762,50.77079,54.025684,52.12405,50.43773,50.78511,38.39682
2019-10-14,58.200645446777344,56.25101,50.8578,54.31006,52.363922,50.61772,50.995796,38.411892
2019-10-15,58.06494140625,57.09635,50.96179,54.62917,52.632828,50.815998,51.231365,38.43629
2019-10-16,57.830528259277344,57.39446,51.08567,54.944366,52.89811,51.01737,51.462845,38.463123
2019-10-17,58.0550651550293,57.152058,51.222813,55.225628,53.134727,51.206825,51.669853,38.4903
2019-10-18,58.333900451660156,56.822933,51.384098,55.48314,53.351803,51.391296,51.861034,38.516926
2019-10-21,59.34556198120117,56.7232,51.568474,55.725384,53.55675,51.571712,52.04293,38.54466
2019-10-22,59.20985794067383,57.20736,51.756924,55.998486,53.78691,51.77052,52.247334,38.56927
2019-10-23,60.0043830871582,57.766033,51.955452,56.263943,54.011063,51.96116,52.446606,38.59883
2019-10-24,60.10308074951172,58.410908,52.147774,56.553326,54.253983,52.1647,52.661133,38.62329
2019-10-25,60.84333419799805,58.874065,52.351315,56.844078,54.49771,52.367027,52.876194,38.651333
2019-10-28,61.452796936035156,59.32638,52.565063,57.15949,54.76081,52.583897,53.107166,38.67774
2019-10-29,60.03152847290039,59.834713,52.768135,57.50167,55.044106,52.813335,53.35517,38.70267
2019-10-30,60.02412414550781,59.52875,52.97579,57.760147,55.25993,52.992466,53.54427,38.73533
2019-10-31,61.38124084472656,58.87375,53.20316,57.957336,55.426765,53.14519,53.690044,38.76333
2019-11-01,63.123294830322266,58.92169,53.418327,58.178017,55.61126,53.313896,53.85258,38.78312
2019-11-04,63.53782653808594,60.121017,53.611824,58.490955,55.867928,53.52779,54.078262,38.798317
2019-11-05,63.446533203125,61.601894,53.813107,58.860825,56.16919,53.763382,54.341072,38.820393
2019-11-06,63.47367477416992,62.432102,54.03322,59.238514,56.476025,53.999905,54.60565,38.847157
2019-11-07,64.20624542236328,62.49404,54.25271,59.599598,56.76823,54.22923,54.855686,38.872673
2019-11-08,64.3819580078125,62.445984,54.471794,59.969162,57.065517,54.468025,55.10959,38.89392
2019-11-11,64.89179229736328,62.444763,54.681355,60.32834,57.353233,54.70131,55.355778,38.915035
2019-11-12,64.83238220214844,62.667187,54.904587,60.688557,57.641373,54.937634,55.602077,38.935055
2019-11-13,65.4535903930664,62.867012,55.13838,61.022713,57.90899,55.159367,55.83105,38.957855
2019-11-14,65.00069427490234,63.221832,55.38074,61.355232,58.17489,55.3822,56.058083,38.97766
2019-11-15,65.7728500366211,63.299248,55.6209,61.63921,58.40292,55.575462,56.253426,39.00156
2019-11-18,66.1044921875,63.52374,55.85604,61.92041,58.6282,55.769306,56.445637,39.018536
2019-11-19,65.90401458740234,63.896137,56.075962,62.197533,58.848976,55.957283,56.634842,39.034973
2019-11-20,65.13680267333984,64.06646,56.29535,62.44448,59.046524,56.12479,56.804077,39.053864
2019-11-21,64.84477233886719,63.68,56.49745,62.61647,59.186726,56.248928,56.924057,39.0735
2019-11-22,64.78783416748047,63.051662,56.687424,62.71954,59.274715,56.33756,56.999714,39.08974
2019-11-25,65.92381286621094,62.590565,56.852623,62.771065,59.322975,56.39799,57.043053,39.102123
2019-11-26,65.4090347290039,62.95807,56.995705,62.849735,59.390713,56.471313,57.104107,39.10619
2019-11-27,66.28763580322266,63.39836,57.142075,62.90914,59.443726,56.52349,57.154236,39.11996
2019-11-29,66.1416015625,64.02943,57.27274,63.002144,59.521126,56.590168,57.222733,39.126423
2019-12-02,65.37686920166016,64.415085,57.373867,63.097836,59.59831,56.65014,57.29062,39.135136
2019-12-03,64.21118927001953,64.11043,57.444683,63.14878,59.640446,56.681534,57.32682,39.144188
2019-12-04,64.77793884277344,63.055183,57.501816,63.10988,59.61484,56.665684,57.30463,39.154507
2019-12-05,65.7282943725586,62.361423,57.549454,63.053295,59.575768,56.64739,57.271385,39.15578
2019-12-06,66.9979248046875,62.642384,57.586605,63.037834,59.56663,56.650272,57.266285,39.1541
2019-12-09,66.05994415283203,63.908466,57.610058,63.113556,59.62474,56.69567,57.31853,39.149147
2019-12-10,66.4460220336914,64.661316,57.631382,63.185925,59.679657,56.727776,57.366985,39.15531
2019-12-11,67.01276397705078,64.88751,57.64961,63.27724,59.748596,56.772243,57.423267,39.154934
2019-12-12,67.18354797363281,65.01316,57.675446,63.40442,59.84383,56.838413,57.501545,39.154182
2019-12-13,68.09677124023438,65.098465,57.70279,63.55276,59.954365,56.916,57.59243,39.155212
2019-12-16,69.26245880126953,65.51256,57.748753,63.75526,60.105606,57.02604,57.716652,39.15404
2019-12-17,69.39857482910156,66.43505,57.802128,64.037704,60.315315,57.179893,57.88939,39.15098
2019-12-18,69.23274993896484,67.20864,57.87316,64.35593,60.55102,57.350662,58.083035,39.153736
2019-12-19,69.30204772949219,67.37913,57.968987,64.66862,60.78313,57.521065,58.271603,39.159813
2019-12-20,69.15850830078125,67.15822,58.093456,64.96412,61.00345,57.68932,58.449516,39.16705
2019-12-23,70.28706359863281,66.769165,58.234997,65.22274,61.19735,57.84381,58.60621,39.176678
2019-12-24,70.3538818359375,67.01224,58.387882,65.50418,61.40816,58.018017,58.777596,39.18001
2019-12-26,71.7497329711914,67.508064,58.536118,65.780655,61.614376,58.18732,58.947186,39.18699
2019-12-27,71.72248840332031,68.54517,58.70198,66.11371,61.861744,58.388798,59.149963,39.187767
2019-12-30,72.14817810058594,69.33334,58.867985,66.45317,62.11211,58.587116,59.355797,39.19448
2019-12-31,72.67533874511719,69.753746,59.04741,66.80039,62.367916,58.789093,59.563805,39.199375
2020-01-02,74.33351135253906,70.01339,59.24589,67.15817,62.630768,58.99688,59.77689,39.20501
2020-01-03,73.61083984375,70.86677,59.467484,67.58687,62.942825,59.24347,60.029266,39.206306
2020-01-06,74.19739532470703,71.16774,59.689236,67.98625,63.231617,59.465084,60.2631,39.220047
2020-01-07,73.84844207763672,71.244774,59.907166,68.37828,63.514435,59.6868,60.487812,39.22604
2020-01-08,75.03638458251953,70.97553,60.116837,68.72094,63.76105,59.88303,60.683544,39.235493
2020-01-09,76.63021850585938,71.25052,60.343086,69.07858,64.01846,60.093613,60.88726,39.238186
2020-01-10,76.80345916748047,72.49053,60.56996,69.500885,64.31794,60.33725,61.126205,39.237408
2020-01-13,78.44432067871094,73.63228,60.79721,69.93917,64.6254,60.579372,61.37181,39.243713
2020-01-14,77.38506317138672,74.9277,61.0328,70.44652,64.9778,60.856926,61.649086,39.241707
2020-01-15,77.05342864990234,74.96504,61.267925,70.90216,65.29165,61.097385,61.895725,39.254116
2020-01-16,78.01863098144531,74.09139,61.49775,71.28699,65.55791,61.306396,62.099823,39.262104
2020-01-17,78.88236999511719,73.73097,61.731625,71.65745,65.81437,61.51819,62.29594,39.262627
2020-01-21,78.3478012084961,74.25063,61.970238,72.03665,66.075134,61.735374,62.498386,39.26367
2020-01-22,78.6274642944336,74.60505,62.207123,72.36637,66.30193,61.920513,62.675575,39.272934
2020-01-23,79.00611877441406,74.81448,62.44109,72.66334,66.50758,62.090797,62.834152,39.278294
2020-01-24,78.77843475341797,75.06463,62.656693,72.93942,66.69795,62.251087,62.981285,39.281643
2020-01-27,76.46192932128906,75.069725,62.86411,73.1733,66.86001,62.386837,63.107407,39.2888
2020-01-28,78.62499237060547,73.68642,63.043564,73.24849,66.918526,62.436638,63.152634,39.30737
2020-01-29,80.27079010009766,73.53399,63.2091,73.34554,66.994484,62.516247,63.208225,39.300396
2020-01-30,80.15447235107422,75.027016,63.358368,73.52254,67.11828,62.631817,63.308937,39.29441
2020-01-31,76.60051727294922,76.46198,63.494186,73.72398,67.25443,62.742046,63.420986,39.29775
2020-02-03,76.3901596069336,75.04293,63.602776,73.74683,67.2741,62.745483,63.4387,39.320316
2020-02-04,78.91207885742188,72.96218,63.703876,73.66758,67.23325,62.71561,63.40121,39.326015
2020-02-05,79.55554962158203,73.042435,63.78362,73.65847,67.23696,62.73719,63.403103,39.314545
2020-02-06,80.4861068725586,74.534325,63.85494,73.71332,67.277756,62.778316,63.442528,39.313725
2020-02-07,79.39208984375,76.42237,63.908447,73.84806,67.36722,62.848183,63.517517,39.30982
2020-02-10,79.7691650390625,76.82646,63.945667,73.963455,67.440636,62.894077,63.57751,39.31613
2020-02-11,79.28788757324219,76.45101,63.984303,74.086555,67.519936,62.947586,63.635895,39.314537
2020-02-12,81.1707992553711,75.61576,64.01093,74.1794,67.577995,62.98665,63.677635,39.316372
2020-02-13,80.5927734375,75.98801,64.0552,74.3487,67.68668,63.073742,63.757145,39.30568
2020-02-14,80.61262512207031,76.392265,64.10897,74.51479,67.79065,63.15039,63.837254,39.309776
2020-02-18,79.13656616210938,76.540855,64.15957,74.67258,67.88986,63.224365,63.909885,39.310215
2020-02-19,80.28268432617188,75.67036,64.20607,74.74087,67.93227,63.25328,63.938602,39.319096
2020-02-20,79.45906829833984,75.43129,64.260376,74.817154,67.98337,63.30133,63.971867,39.313683
2020-02-21,77.66050720214844,75.21408,64.31093,74.84483,68.00238,63.32266,63.986095,39.319344
2020-02-24,73.97160339355469,74.15178,64.35148,74.7538,67.948,63.283783,63.943268,39.331142
2020-02-25,71.46601867675781,71.39973,64.376396,74.415695,67.739494,63.123627,63.77982,39.355686
2020-02-26,72.59973907470703,68.18261,64.38934,73.83486,67.38068,62.86036,63.496887,39.378094
2020-02-27,67.85401916503906,67.00326,64.33768,73.2033,66.98711,62.594746,63.191544,39.376877
2020-02-28,67.8143310546875,65.39042,64.219025,72.322815,66.42039,62.183945,62.759293,39.406727
2020-03-02,74.12789154052734,64.369225,64.04497,71.35995,65.7951,61.738426,62.274147,39.408813
2020-03-03,71.77363586425781,67.30239,63.856827,70.73319,65.38789,61.464325,61.976543,39.373646
2020-03-04,75.10282897949219,70.09365,63.630577,70.1939,65.02162,61.173706,61.723656,39.383926
2020-03-05,72.6667251586914,72.82773,63.360687,69.926956,64.83409,61.002613,61.59569,39.35837
2020-03-06,71.70170593261719,72.78492,63.082935,69.70243,64.66433,60.81903,61.47684,39.363228
2020-03-09,66.03065490722656,70.73208,62.80371,69.479256,64.493546,60.63554,61.34046,39.36096
2020-03-10,70.78630065917969,66.04955,62.536846,68.97563,64.12795,60.309956,61.039886,39.388855
2020-03-11,68.3278579711914,64.474396,62.266872,68.60443,63.85702,60.100056,60.808983,39.3591
2020-03-12,61.58015823364258,64.243385,62.00105,68.18298,63.54428,59.854126,60.559753,39.367634
2020-03-13,68.95796966552734,61.78997,61.700413,67.40452,62.978294,59.416847,60.09386,39.399494
2020-03-16,60.08673095703125,62.527126,61.393906,66.87688,62.592735,59.155926,59.773026,39.35269
2020-03-17,62.72875213623047,61.174297,61.06324,66.02232,61.960464,58.68302,59.264225,39.388042
2020-03-18,61.19315719604492,60.247658,60.71912,65.198,61.350983,58.247894,58.75929,39.362957
2020-03-19,60.72429275512695,59.57753,60.329124,64.34035,60.704792,57.780087,58.23291,39.35044
2020-03-20,56.869178771972656,59.148754,59.91673,63.49403,60.06003,57.303143,57.704998,39.32818
2020-03-23,55.661041259765625,57.504326,59.486187,62.49426,59.290024,56.72339,57.066334,39.31778
2020-03-24,61.24525833129883,55.433937,59.049522,61.40537,58.441963,56.09091,56.354046,39.29166
2020-03-25,60.90787124633789,56.20678,58.59926,60.632954,57.828316,55.620792,55.84657,39.230576
2020-03-26,64.11302947998047,58.39313,58.108692,60.058838,57.35814,55.21428,55.462456,39.191143
2020-03-27,61.45860290527344,61.61582,57.67473,59.827198,57.154915,54.97669,55.2954,39.144318
2020-03-30,63.212501525878906,62.664715,57.253387,59.660286,56.998108,54.75711,55.15826,39.127594
2020-03-31,63.08350372314453,62.630093,56.788082,59.647472,56.957756,54.638256,55.10725,39.086517
2020-04-01,59.76424026489258,62.051838,56.407845,59.724983,56.990997,54.5885,55.1194,39.06195
2020-04-02,60.76150131225586,59.977238,56.037395,59.667183,56.91997,54.4825,55.04027,39.050797
2020-04-03,59.888275146484375,58.407265,55.750484,59.601597,56.848892,54.411724,54.962643,39.025345
2020-04-06,65.1127700805664,57.52568,55.51562,59.480152,56.738106,54.327736,54.858604,39.00975
2020-04-07,64.35862731933594,59.57103,55.39533,59.626453,56.844288,54.41319,54.94581,38.97804
2020-04-08,66.00585174560547,62.23942,55.24988,59.860138,57.018475,54.52824,55.09478,38.968044
2020-04-09,66.4821548461914,64.563965,55.191483,60.23593,57.307674,54.72823,55.33729,38.95577
2020-04-13,67.78704071044922,65.78588,55.273808,60.69984,57.668644,54.98395,55.64085,38.964035
2020-04-14,71.21049499511719,66.3857,55.30361,61.249508,58.091084,55.291004,55.993164,38.959106
2020-04-15,70.56053924560547,67.98461,55.517265,62.013542,58.679276,55.73175,56.484547,38.962772
2020-04-16,71.12120056152344,68.91191,55.746407,62.804855,59.282597,56.17813,56.98738,38.98394
2020-04-17,70.15617370605469,69.100975,56.050182,63.60237,59.888397,56.639355,57.486404,39.00457
2020-04-20,68.6999740600586,68.28773,56.4015,64.29974,60.417255,57.054607,57.92081,39.03491
2020-04-21,66.57642364501953,66.646,56.82443,64.82095,60.81796,57.388077,58.248844,39.075867
2020-04-22,68.49406433105469,64.43726,57.253418,65.0909,61.03604,57.598507,58.42709,39.121883
2020-04-23,68.22862243652344,63.896996,57.589066,65.29665,61.204765,57.792324,58.56684,39.134727
2020-04-24,70.19834899902344,64.51194,57.9083,65.431915,61.32166,57.939297,58.672718,39.156414
2020-04-27,70.24797058105469,66.40533,58.165474,65.62069,61.475742,58.106617,58.809982,39.158333
2020-04-28,69.10929870605469,68.161964,58.438187,65.82984,61.64402,58.26391,58.96136,39.172337
2020-04-29,71.37919616699219,68.348526,58.666496,65.97505,61.763927,58.36944,59.06873,39.18864
2020-04-30,72.88502502441406,68.72148,58.880615,66.200554,61.940365,58.51826,59.21834,39.185863
2020-05-01,71.71163177490234,69.77382,59.123383,66.534134,62.19197,58.711723,59.431522,39.191517
2020-05-04,72.72626495361328,69.93865,59.341545,66.841965,62.421394,58.872654,59.623203,39.210503
2020-05-05,73.81780242919922,69.950066,59.56292,67.17668,62.668964,59.051174,59.822895,39.220413
2020-05-06,74.57939147949219,70.41337,59.722816,67.556755,62.942356,59.253994,60.04165,39.221615
2020-05-07,75.35091400146484,71.21699,59.90402,67.98241,63.246185,59.479588,60.28442,39.226753
2020-05-08,77.14439392089844,72.11701,60.080837,68.44626,63.57377,59.72536,60.54387,39.230377
2020-05-11,78.35828399658203,73.49574,60.27374,68.997795,63.9596,60.020744,60.847717,39.228386
2020-05-12,77.4627914428711,74.99065,60.478382,69.62474,64.392815,60.353233,61.188156,39.22824
2020-05-13,76.52749633789062,75.12668,60.67375,70.20681,64.791046,60.65744,61.498085,39.236336
2020-05-14,76.99763488769531,73.91675,60.9039,70.6855,65.120865,60.91621,61.75029,39.247066
2020-05-15,76.54241180419922,72.92877,61.145382,71.09978,65.408394,61.157833,61.968563,39.249363
2020-05-18,78.3458480834961,72.31905,61.405468,71.424286,65.636826,61.3579,62.144913,39.258003
2020-05-19,77.89312744140625,73.16367,61.681095,71.76993,65.881065,61.577164,62.33525,39.255238
2020-05-20,79.40800476074219,74.1076,61.970726,72.07525,66.09736,61.764008,62.5092,39.267784
2020-05-21,78.81597900390625,75.40598,62.227795,72.41537,66.3349,61.96784,62.696495,39.26614
2020-05-22,79.32343292236328,75.86474,62.47791,72.71989,66.54614,62.140408,62.865204,39.276627
2020-05-26,78.7861328125,75.878494,62.697777,73.01223,66.74788,62.30552,63.02214,39.278446
2020-05-27,79.12940216064453,75.3341,62.90878,73.25075,66.91308,62.438274,63.150967,39.286366
2020-05-28,79.16423034667969,74.9443,63.120415,73.46294,67.061966,62.559776,63.265724,39.291546
2020-05-29,79.08712005615234,74.8336,63.295963,73.64359,67.187744,62.66436,63.363125,39.29585
2020-06-01,80.05972290039062,74.8634,63.44635,73.79077,67.290634,62.750633,63.442703,39.299183
2020-06-02,80.43035125732422,75.4883,63.60009,73.96057,67.40854,62.849873,63.534126,39.298145
2020-06-03,80.87313079833984,76.289795,63.735302,74.14624,67.53369,62.951324,63.63259,39.299564
2020-06-04,80.1766357421875,76.96224,63.85526,74.35148,67.66933,63.058205,63.73771,39.299763
2020-06-05,82.46015167236328,76.77297,63.96504,74.5192,67.77931,63.14031,63.822094,39.306557
2020-06-08,82.94768524169922,77.51546,64.06896,74.773766,67.94459,63.275448,63.945103,39.2954
2020-06-09,85.56700897216797,78.54284,64.16253,75.07836,68.136086,63.426575,64.09156,39.292118
2020-06-10,87.76844024658203,80.55459,64.2608,75.52609,68.41531,63.64891,64.30012,39.27431
2020-06-11,83.55464172363281,83.12323,64.392944,76.1323,68.78757,63.93891,64.57813,39.25862
2020-06-12,84.27600860595703,81.64142,64.55461,76.57632,69.054634,64.11944,64.777054,39.283245
2020-06-15,85.3182601928711,79.4975,64.7259,76.9527,69.28699,64.29391,64.934586,39.280468
2020-06-16,87.57939147949219,78.81844,64.911125,77.31273,69.508766,64.47796,65.08935,39.276848
2020-06-17,87.45750427246094,80.45874,65.088585,77.74589,69.77259,64.70704,65.279144,39.26437
2020-06-18,87.4923324584961,82.212776,65.280266,78.18083,70.03355,64.92473,65.47204,39.26637
2020-06-19,86.99234771728516,82.98127,65.46602,78.59215,70.27941,65.12812,65.64974,39.266106
2020-06-22,89.26839447021484,82.515915,65.66275,78.941,70.4885,65.300865,65.799324,39.269783
2020-06-23,91.1738052368164,83.09545,65.85887,79.34422,70.73087,65.51298,65.97065,39.2563
2020-06-24,89.56440734863281,84.900604,66.06601,79.83662,71.02081,65.76306,66.18135,39.24485
2020-06-25,90.75342559814453,85.01292,66.27428,80.263954,71.267166,65.959625,66.362305,39.25408
2020-06-26,87.96495056152344,84.914185,66.485596,80.69317,71.517395,66.16558,66.536736,39.246983
2020-06-29,89.99225616455078,82.96103,66.69451,80.95548,71.66827,66.28062,66.643684,39.264362
2020-06-30,90.74346923828125,82.54234,66.888725,81.21366,71.823746,66.419876,66.74585,39.253086
2020-07-01,90.57183837890625,83.53384,67.07308,81.47794,71.97868,66.562225,66.85662,39.24903
2020-07-02,90.57183837890625,84.494896,67.246254,81.71749,72.117874,66.6848,66.958374,39.25077
2020-07-06,92.9946517944336,84.890175,67.41637,81.92933,72.2422,66.79187,67.048,39.25312
2020-07-07,92.70609283447266,86.3382,67.56174,82.2254,72.41289,66.9469,67.16798,39.239475
2020-07-08,94.865234375,87.1154,67.70171,82.528145,72.5803,67.08849,67.291,39.242065
2020-07-09,95.273193359375,88.3669,67.824715,82.92002,72.796196,67.27451,67.44103,39.227802
2020-07-10,95.4398422241211,89.148735,67.94103,83.349304,73.02497,67.46504,67.601395,39.22076
2020-07-13,94.99955749511719,89.1097,68.10197,83.78495,73.25768,67.65069,67.76186,39.21905
2020-07-14,96.5716552734375,88.25648,68.262505,84.17256,73.461945,67.81179,67.89931,39.221344
2020-07-15,97.23580932617188,88.485886,68.420784,84.583435,73.6796,67.99645,68.04185,39.21189
2020-07-16,96.0393295288086,89.37925,68.5691,85.00396,73.89704,68.18492,68.18738,39.20649
2020-07-17,95.84529876708984,89.12714,68.72453,85.347115,74.07109,68.33014,68.30441,39.212723
2020-07-20,97.86514282226562,88.404755,68.88119,85.620865,74.212296,68.4527,68.39465,39.213516
2020-07-21,96.51444244384766,89.27487,69.04104,85.93044,74.375626,68.608536,68.50021,39.202503
2020-07-22,96.78556823730469,89.351105,69.18113,86.16639,74.49338,68.71832,68.5825,39.210464
2020-07-23,92.38023376464844,89.20886,69.30493,86.36514,74.595894,68.818306,68.649,39.206795
2020-07-24,92.15138244628906,86.19799,69.4308,86.326546,74.57338,68.79463,68.63517,39.231804
2020-07-27,94.33539581298828,83.833115,69.529915,86.15996,74.49792,68.74185,68.57414,39.230785
2020-07-28,92.78570556640625,84.6332,69.62819,86.02898,74.44724,68.72861,68.538246,39.218094
2020-07-29,94.56424713134766,85.58349,69.68826,85.83802,74.357376,68.66898,68.48822,39.226948
2020-07-30,95.70849609375,87.33984,69.72401,85.71502,74.3084,68.64544,68.46123,39.21536
2020-07-31,105.72808837890625,89.262085,69.74747,85.68323,74.30217,68.651054,68.46873,39.20765
2020-08-03,108.39218139648438,96.83446,69.775154,86.16296,74.5662,68.90466,68.6523,39.148182
2020-08-04,109.11604309082031,103.66775,69.810745,86.978165,74.96717,69.2396,68.94023,39.1309
2020-08-05,109.51155090332031,104.87179,69.8883,87.96114,75.43401,69.597374,69.25381,39.125828
2020-08-06,113.33232879638672,102.083954,69.99769,88.993095,75.90984,69.95941,69.55349,39.121162
2020-08-07,110.7556381225586,101.576996,70.15586,90.15307,76.44021,70.394196,69.87261,39.097103
2020-08-10,112.36544799804688,99.299164,70.35878,91.178734,76.88291,70.75244,70.143845,39.111595
2020-08-11,109.0237045288086,98.87023,70.6018,92.14559,77.303444,71.119286,70.38737,39.10246
2020-08-12,112.64704132080078,96.923355,70.857704,92.862564,77.59619,71.38322,70.56048,39.121796
2020-08-13,114.64060974121094,98.68603,71.12408,93.562164,77.89846,71.69499,70.72909,39.09962
2020-08-14,114.53844451904297,102.4226,71.406296,94.267075,78.1959,72.018326,70.911,39.088497
2020-08-17,114.2394027709961,104.33799,71.69086,94.9127,78.460655,72.306694,71.08019,39.089317
2020-08-18,115.19133758544922,103.80236,71.9593,95.47017,78.68605,72.55624,71.22242,39.086918
2020-08-19,115.33586883544922,103.151825,72.22981,95.98323,78.89674,72.79409,71.35321,39.074272
2020-08-20,117.89512634277344,102.620895,72.48835,96.4359,79.07954,73.002335,71.46988,39.061707
2020-08-21,123.97055053710938,104.22738,72.760376,96.92881,79.28709,73.23273,71.59975,39.03535
2020-08-24,125.4532699584961,110.06058,73.02315,97.635956,79.58694,73.55233,71.78423,38.989223
2020-08-25,124.42408752441406,114.02606,73.269844,98.43802,79.9009,73.86363,71.987495,38.967945
2020-08-26,126.11613464355469,112.63244,73.523834,99.195496,80.18338,74.12209,72.16649,38.961945
2020-08-27,124.6084976196289,110.944275,73.76733,99.94794,80.465996,74.3829,72.32954,38.941566
2020-08-28,124.40664672851562,108.26415,74.00267,100.57935,80.68667,74.58685,72.45915,38.945255
2020-08-31,128.62554931640625,106.72457,74.18638,101.09825,80.86427,74.76122,72.55371,38.938877
2020-09-01,133.74903869628906,110.14141,74.36109,101.6828,81.07889,74.99198,72.66477,38.90764
2020-09-02,130.97796630859375,117.061485,74.53983,102.42878,81.35115,75.28629,72.81766,38.87383
2020-09-03,120.49175262451172,117.431885,74.72282,103.08253,81.55737,75.5008,72.94949,38.883793
2020-09-04,120.57150268554688,105.994995,74.884705,103.27484,81.57227,75.508865,72.96602,38.92643
2020-09-08,112.45764923095703,99.78344,75.04596,103.264114,81.56048,75.518425,72.93173,38.90049
2020-09-09,116.94319152832031,93.52997,75.17372,102.822754,81.36959,75.36361,72.81355,38.91562
2020-09-10,113.12549591064453,95.74243,75.28419,102.37798,81.232605,75.294624,72.70892,38.85758
2020-09-11,111.6402816772461,98.46287,75.34261,101.771645,81.00825,75.13775,72.58936,38.8471
2020-09-14,114.98948669433594,99.65777,75.35682,101.07159,80.76195,74.947586,72.45158,38.81807
2020-09-15,115.16891479492188,102.736725,75.340385,100.495605,80.58128,74.82294,72.35273,38.760353
2020-09-16,111.76985931396484,104.69994,75.29974,100.009796,80.4229,74.69869,72.284676,38.726044
2020-09-17,109.98561096191406,101.96739,75.2333,99.4696,80.22981,74.507034,72.19597,38.71956
2020-09-18,106.4968490600586,97.93247,75.14657,98.87978,80.02161,74.28636,72.08246,38.717564
2020-09-21,109.72644805908203,93.56497,75.02964,98.1623,79.754166,74.00084,71.92811,38.74276
2020-09-22,111.45088195800781,94.42652,74.87364,97.56057,79.550865,73.792496,71.80002,38.74342
2020-09-23,106.77596282958984,98.46495,74.704796,97.11464,79.3994,73.63289,71.71894,38.76071
2020-09-24,107.87242126464844,98.06255,74.53464,96.5873,79.18982,73.39007,71.60994,38.817654
2020-09-25,111.91937255859375,97.29829,74.35395,96.11714,79.018,73.188644,71.501686,38.84251
2020-09-28,114.59076690673828,99.930885,74.182304,95.87146,78.94238,73.09481,71.45509,38.853794
2020-09-29,113.72356414794922,103.93591,74.02182,95.858284,78.9513,73.07847,71.47049,38.87785
2020-09-30,115.43804168701172,104.64943,73.859634,95.930595,78.97604,73.06421,71.49573,38.922077
2020-10-01,116.4148941040039,104.48437,73.69888,96.12788,79.05266,73.10525,71.536575,38.943558
2020-10-02,112.6570053100586,104.281876,73.58008,96.42273,79.16253,73.18275,71.596756,38.956852
2020-10-05,116.12582397460938,100.74985,73.53493,96.60358,79.21319,73.194374,71.625626,38.989502
2020-10-06,112.79655456542969,101.06184,73.50901,96.86537,79.318596,73.282364,71.66912,38.974953
2020-10-07,114.71038818359375,99.94308,73.5358,97.005295,79.355675,73.3044,71.69094,39.000996
2020-10-08,114.60073852539062,100.80492,73.548225,97.15705,79.41384,73.36361,71.71177,38.99387
2020-10-09,116.59431457519531,101.94759,73.58598,97.294,79.461174,73.419655,71.737274,38.99832
2020-10-12,124.00045776367188,104.06951,73.634964,97.493385,79.54132,73.51373,71.78217,38.99179
2020-10-13,120.71104431152344,110.80185,73.67819,97.99628,79.75525,73.748856,71.9048,38.953735
2020-10-14,120.80076599121094,111.204506,73.73555,98.46857,79.91751,73.90638,72.02028,38.97317
2020-10-15,120.32230377197266,108.29509,73.82363,98.92238,80.08385,74.05693,72.11718,38.966908
2020-10-16,118.63772583007812,105.30726,73.929855,99.31603,80.22362,74.18651,72.19536,38.960438
2020-10-19,115.60749816894531,102.62396,74.055756,99.58767,80.31411,74.271255,72.24494,38.961838
2020-10-20,117.1325912475586,99.71569,74.16079,99.65946,80.3248,74.28367,72.24513,38.968445
2020-10-21,116.49464416503906,100.42742,74.25048,99.68944,80.33755,74.316795,72.239044,38.94542
2020-10-22,115.37823486328125,102.07091,74.351204,99.65932,80.3239,74.32815,72.23185,38.938576
2020-10-23,114.67051696777344,102.616104,74.43065,99.55173,80.28149,74.30856,72.20985,38.93772
2020-10-26,114.68048858642578,102.18211,74.47545,99.3821,80.21755,74.268585,72.17347,38.93516
2020-10-27,116.22550964355469,101.8404,74.4945,99.19128,80.14884,74.22521,72.13431,38.927567
2020-10-28,110.84284973144531,102.96505,74.50676,99.06181,80.11046,74.211494,72.11513,38.911835
2020-10-29,114.94961547851562,99.687775,74.49836,98.75007,79.978226,74.08573,72.05001,38.93416
2020-10-30,108.51036071777344,100.37175,74.4758,98.54912,79.92277,74.04638,72.00807,38.89851
2020-11-02,108.420654296875,97.24461,74.456726,98.14097,79.75142,73.874825,71.92074,38.9259
2020-11-03,110.08528900146484,95.16376,74.405846,97.66756,79.57661,73.703224,71.8076,38.915287
2020-11-04,114.58080291748047,96.38685,74.355125,97.2533,79.43156,73.572365,71.71856,38.900177
2020-11-05,118.64769744873047,101.76346,74.28652,97.06691,79.3851,73.5391,71.69664,38.87672
2020-11-06,118.51290893554688,108.44277,74.22006,97.16373,79.44658,73.595146,71.75002,38.86475
2020-11-09,116.14643859863281,110.32491,74.154976,97.38978,79.539024,73.65374,71.82498,38.883186
2020-11-10,115.79696655273438,106.21905,74.07284,97.58325,79.60359,73.66935,71.86962,38.91212
2020-11-11,119.31170654296875,101.98212,74.02377,97.75559,79.66447,73.68834,71.896996,38.925766
2020-11-12,119.0321273803711,102.7963,73.99281,98.045364,79.781235,73.783226,71.95185,38.916725
2020-11-13,119.0820541381836,104.46367,73.98257,98.35239,79.88942,73.8726,72.01413,38.92832
2020-11-16,120.1205062866211,105.51554,73.996826,98.65608,79.99681,73.962654,72.07246,38.935074
2020-11-17,119.21186065673828,106.53861,74.03908,98.98038,80.11513,74.071915,72.13548,38.935764
2020-11-18,117.85388946533203,105.991425,74.084335,99.251564,80.20503,74.15791,72.185196,38.94624
2020-11-19,118.46298217773438,104.07181,74.13914,99.42949,80.25875,74.2132,72.21161,38.95623
2020-11-20,117.1649169921875,103.472084,74.20182,99.57469,80.30843,74.2766,72.232445,38.95254
2020-11-23,113.68012237548828,102.76845,74.266014,99.63602,80.32145,74.30834,72.23858,38.958065
2020-11-24,114.99815368652344,100.07306,74.32228,99.51527,80.26067,74.2655,72.20204,38.972473
2020-11-25,115.85687255859375,99.936066,74.36105,99.36798,80.209045,74.2453,72.16142,38.953106
2020-11-27,116.41603088378906,101.78854,74.41326,99.240944,80.16746,74.23785,72.13927,38.93636
2020-11-30,118.87236785888672,103.8531,74.43497,99.14386,80.13666,74.23258,72.12814,38.916115
2020-12-01,122.53689575195312,106.56819,74.478806,99.16902,80.16203,74.27286,72.151436,38.886467
2020-12-02,122.89635467529297,110.268684,74.51925,99.38739,80.263535,74.3772,72.2214,38.856064
2020-12-03,122.7565689086914,111.290306,74.55468,99.69401,80.382675,74.47916,72.30631,38.85156
2020-12-04,122.06759643554688,109.67307,74.57808,100.024734,80.50382,74.57119,72.38276,38.853237
2020-12-07,123.56535339355469,107.06144,74.5952,100.32456,80.606834,74.64488,72.44075,38.85751
2020-12-08,124.19441223144531,106.76366,74.626205,100.65259,80.72594,74.74336,72.5009,38.848083
2020-12-09,121.5982894897461,107.796326,74.67932,100.991394,80.844666,74.84773,72.56521,38.84541
2020-12-10,123.05611419677734,106.54418,74.7406,101.21123,80.9075,74.89701,72.60091,38.8633
2020-12-11,122.22735595703125,106.83296,74.79116,101.41921,80.97993,74.96993,72.630455,38.85774
2020-12-14,121.5982894897461,106.872475,74.84591,101.56776,81.02267,75.02209,72.65188,38.86471
2020-12-15,127.6891860961914,106.42574,74.900055,101.654045,81.045074,75.058624,72.661156,38.86867
2020-12-16,127.61929321289062,111.12255,74.9521,101.93192,81.16192,75.20269,72.718285,38.832882
2020-12-17,128.50796508789062,113.951546,75.01295,102.260254,81.27275,75.33107,72.79417,38.829834
2020-12-18,126.47101593017578,114.27857,75.08561,102.6319,81.40205,75.464615,72.87345,38.816357
2020-12-21,128.03866577148438,111.13767,75.160286,102.92297,81.48989,75.54968,72.92877,38.812443
2020-12-22,131.6832275390625,109.99334,75.24445,103.221855,81.594154,75.65417,72.981606,38.78139
2020-12-23,130.7646026611328,112.950195,75.34733,103.62876,81.74393,75.80947,73.06229,38.739788
2020-12-24,131.77308654785156,114.1461,75.447464,104.010704,81.865204,75.92902,73.138596,38.72535
2020-12-28,136.48605346679688,114.60556,75.54743,104.397316,81.99421,76.052734,73.20988,38.7006
2020-12-29,134.66876220703125,118.124016,75.651276,104.92269,82.182434,76.240776,73.308975,38.660507
2020-12-30,133.52047729492188,117.75231,75.751854,105.39566,82.32307,76.37683,73.396484,38.660698
2020-12-31,132.4920196533203,114.89668,75.84386,105.78113,82.43479,76.48205,73.456314,38.653816
2021-01-04,129.2169189453125,112.22037,75.937996,106.06527,82.512695,76.562515,73.49284,38.64017
2021-01-05,130.81451416015625,108.83914,76.03032,106.16486,82.521866,76.58225,73.49314,38.631657
2021-01-06,126.41110229492188,109.54213,76.11907,106.230034,82.542496,76.62746,73.49083,38.590904
2021-01-07,130.7246551513672,108.078,76.190865,106.10163,82.476746,76.590065,73.457016,38.57702
2021-01-08,131.85296630859375,111.30128,76.24941,106.05207,82.47667,76.626015,73.443985,38.505047
2021-01-11,128.7875518798828,115.05281,76.30808,106.06059,82.485016,76.66904,73.45688,38.44619
2021-01-12,128.60781860351562,113.61747,76.351166,105.98388,82.449196,76.6503,73.451836,38.405518
2021-01-13,130.6947021484375,111.26358,76.387436,105.8783,82.41723,76.62883,73.4357,38.348457
2021-01-14,128.71766662597656,111.81478,76.41758,105.83633,82.416565,76.64055,73.43536,38.29476
2021-01-15,126.9502944946289,111.06042,76.4195,105.745155,82.38163,76.61043,73.42514,38.277824
2021-01-19,127.63926696777344,109.14082,76.41635,105.5851,82.3253,76.55199,73.396286,38.262444
2021-01-20,131.83299255371094,109.090324,76.40499,105.43036,82.281166,76.50814,73.36779,38.239433
2021-01-21,136.665771484375,113.32601,76.3988,105.43379,82.30527,76.53529,73.378525,38.209984
2021-01-22,138.8625030517578,119.89819,76.391235,105.66834,82.4075,76.63263,73.44137,38.197258
2021-01-25,142.70675659179688,123.60523,76.38245,106.06407,82.54748,76.75055,73.53154,38.209827
2021-01-26,142.94639587402344,125.542854,76.394936,106.64735,82.74996,76.91785,73.64712,38.216385
2021-01-27,141.84803771972656,123.86122,76.42463,107.280205,82.945404,77.073296,73.76025,38.24718
2021-01-28,136.8854522705078,119.90315,76.458855,107.8609,83.11101,77.20064,73.84796,38.2818
2021-01-29,131.7631072998047,113.26407,76.514725,108.21966,83.18688,77.2485,73.88408,38.316498
2021-02-01,133.93984985351562,106.97137,76.57944,108.29043,83.17209,77.223145,73.859566,38.331715
2021-02-02,134.78858947753906,108.19081,76.6456,108.29947,83.17215,77.242256,73.83075,38.28979
2021-02-03,133.7401580810547,112.956825,76.71641,108.284195,83.162926,77.27063,73.81701,38.24108
2021-02-04,137.18499755859375,115.83169,76.77188,108.211044,83.13053,77.275536,73.80154,38.189087
2021-02-05,136.75999450683594,119.326706,76.83346,108.235695,83.15233,77.33359,73.812,38.10367
2021-02-08,136.91000366210938,119.66205,76.87243,108.27152,83.16088,77.37203,73.82879,38.041725
2021-02-09,136.00999450683594,118.13798,76.903076,108.32178,83.17713,77.406334,73.84497,37.96087
2021-02-10,135.38999938964844,115.73188,76.94006,108.3473,83.18181,77.422005,73.85457,37.868874
2021-02-11,135.1300048828125,114.00433,76.9729,108.34051,83.17801,77.424515,73.85536,37.776005
2021-02-12,135.3699951171875,113.62055,76.994644,108.30939,83.16825,77.418526,73.850464,37.683094
2021-02-16,133.19000244140625,114.474174,77.019196,108.27725,83.161606,77.4129,73.84739,37.586956
2021-02-17,130.83999633789062,113.62653,77.04376,108.169556,83.12167,77.3698,73.83069,37.522434
2021-02-18,129.7100067138672,111.32335,77.05764,107.95758,83.04886,77.2923,73.79101,37.499928
2021-02-19,129.8699951171875,109.76523,77.04862,107.6725,82.95822,77.20249,73.73623,37.52157
2021-02-22,126.0,110.16084,77.01587,107.374115,82.869,77.121506,73.68212,37.577217
2021-02-23,125.86000061035156,108.241806,76.966576,106.94997,82.722046,76.98378,73.6049,37.675728
2021-02-24,125.3499984741211,107.50141,76.89525,106.49846,82.58207,76.8583,73.52022,37.768166
2021-02-25,120.98999786376953,107.75222,76.81381,106.041306,82.43864,76.734406,73.43974,37.851616
2021-02-26,121.26000213623047,105.11804,76.724495,105.454414,82.23617,76.54376,73.33285,37.930492
2021-03-01,127.79000091552734,104.18097,76.63859,104.86621,82.05368,76.37341,73.22534,37.962036
2021-03-02,125.12000274658203,110.00316,76.560646,104.5467,81.98973,76.326866,73.18754,37.967335
2021-03-03,122.05999755859375,112.08683,76.469955,104.2571,81.896324,76.22875,73.16148,38.039093
2021-03-04,120.12999725341797,108.653595,76.37282,103.91081,81.77997,76.08544,73.10823,38.11793
2021-03-05,121.41999816894531,104.25725,76.27507,103.50239,81.64423,75.922485,73.03087,38.196415
2021-03-08,116.36000061035156,103.59168,76.16272,103.139824,81.53474,75.79563,72.961365,38.26622
2021-03-09,121.08999633789062,100.91458,76.04691,102.62852,81.3459,75.5858,72.85876,38.366047
2021-03-10,119.9800033569336,103.711,75.92746,102.272896,81.24985,75.48266,72.78942,38.408867
2021-03-11,121.95999908447266,106.17537,75.80981,101.95611,81.14272,75.367714,72.73716,38.47974
2021-03-12,121.02999877929688,108.61587,75.69617,101.76524,81.091354,75.30314,72.71009,38.528362
2021-03-15,123.98999786376953,108.440025,75.58759,101.61202,81.03938,75.23231,72.688225,38.587383
2021-03-16,125.56999969482422,109.526955,75.486496,101.61023,81.054214,75.2289,72.694695,38.61742
2021-03-17,124.76000213623047,110.99715,75.40617,101.73932,81.10786,75.26197,72.72943,38.646923
2021-03-18,120.52999877929688,110.301575,75.34869,101.89717,81.16002,75.285805,72.76443,38.68236
2021-03-19,119.98999786376953,105.57109,75.30584,101.9088,81.14479,75.238434,72.7565,38.729504
