Datetime,Open,High,Low,Close,Volume,Dividends,Stock Splits
2020-12-03 09:30:00-05:00,123.5199966430664,123.77999877929688,122.70999908447266,123.16000366210938,13022137,0.0,0
2020-12-03 10:00:00-05:00,123.16000366210938,123.44999694824219,122.8499984741211,122.91000366210938,7074930,0.0,0
2020-12-03 10:30:00-05:00,122.91000366210938,123.2699966430664,122.58000183105469,122.60320281982422,6492278,0.0,0
2020-12-03 11:00:00-05:00,122.61000061035156,122.87999725341797,122.20999908447266,122.81999969482422,5410151,0.0,0
2020-12-03 11:30:00-05:00,122.83000183105469,123.19000244140625,122.77999877929688,123.09500122070312,3794425,0.0,0
2020-12-03 12:00:00-05:00,123.0999984741211,123.2300033569336,122.77999877929688,122.91069793701172,3828169,0.0,0
2020-12-03 12:30:00-05:00,122.91000366210938,123.19999694824219,122.73999786376953,122.88500213623047,2768238,0.0,0
2020-12-03 13:00:00-05:00,122.88009643554688,123.02999877929688,122.72000122070312,122.98999786376953,2795864,0.0,0
2020-12-03 13:30:00-05:00,122.98079681396484,123.01000213623047,122.59500122070312,122.66000366210938,2714237,0.0,0
2020-12-03 14:00:00-05:00,122.66999816894531,123.01000213623047,122.61499786376953,122.8550033569336,2963214,0.0,0
2020-12-03 14:30:00-05:00,122.8550033569336,123.0999984741211,122.80999755859375,123.03929901123047,3371081,0.0,0
2020-12-03 15:00:00-05:00,123.03500366210938,123.33000183105469,122.94499969482422,123.22160339355469,4165968,0.0,0
2020-12-03 15:30:00-05:00,123.2300033569336,123.33000183105469,122.52999877929688,122.94000244140625,9156066,0.0,0
2020-12-04 09:30:00-05:00,122.5999984741211,122.86080169677734,121.54000091552734,122.06999969482422,12971535,0.0,0
2020-12-04 10:00:00-05:00,122.05999755859375,122.1500015258789,121.5199966430664,121.52999877929688,5935870,0.0,0
2020-12-04 10:30:00-05:00,121.53620147705078,122.18000030517578,121.53500366210938,121.79000091552734,5681175,0.0,0
2020-12-04 11:00:00-05:00,121.78820037841797,122.29000091552734,121.62000274658203,122.27210235595703,4471774,0.0,0
2020-12-04 11:30:00-05:00,122.27999877929688,122.66500091552734,122.2510986328125,122.372802734375,6127532,0.0,0
2020-12-04 12:00:00-05:00,122.37999725341797,122.4000015258789,121.82499694824219,121.88500213623047,4163631,0.0,0
2020-12-04 12:30:00-05:00,121.88240051269531,122.18000030517578,121.86060333251953,122.16000366210938,2758659,0.0,0
2020-12-04 13:00:00-05:00,122.15299987792969,122.20999908447266,121.88999938964844,121.95999908447266,2459686,0.0,0
2020-12-04 13:30:00-05:00,121.95330047607422,122.07499694824219,121.80999755859375,121.83499908447266,2367861,0.0,0
2020-12-04 14:00:00-05:00,121.83499908447266,121.94999694824219,121.66999816894531,121.72000122070312,3352087,0.0,0
2020-12-04 14:30:00-05:00,121.7249984741211,122.17990112304688,121.69000244140625,122.07499694824219,3211196,0.0,0
2020-12-04 15:00:00-05:00,122.08000183105469,122.20999908447266,121.94999694824219,122.0145034790039,3714219,0.0,0
2020-12-04 15:30:00-05:00,122.01000213623047,122.30000305175781,121.87999725341797,122.25,7731346,0.0,0
2020-12-07 09:30:00-05:00,122.30999755859375,124.5,122.25,124.44999694824219,17873135,0.0,0
2020-12-07 10:00:00-05:00,124.44000244140625,124.55000305175781,123.69719696044922,123.83999633789062,9222913,0.0,0
2020-12-07 10:30:00-05:00,123.8499984741211,124.23999786376953,123.69999694824219,124.03500366210938,5165395,0.0,0
2020-12-07 11:00:00-05:00,124.02999877929688,124.3499984741211,123.77999877929688,124.13999938964844,4915677,0.0,0
2020-12-07 11:30:00-05:00,124.125,124.36000061035156,123.99500274658203,124.08989715576172,3354110,0.0,0
2020-12-07 12:00:00-05:00,124.08999633789062,124.20500183105469,123.79000091552734,124.16929626464844,3984670,0.0,0
2020-12-07 12:30:00-05:00,124.16500091552734,124.2699966430664,124.06999969482422,124.07499694824219,2993108,0.0,0
2020-12-07 13:00:00-05:00,124.0770034790039,124.08999633789062,123.80000305175781,123.86990356445312,3500278,0.0,0
2020-12-07 13:30:00-05:00,123.86000061035156,123.9800033569336,123.41000366210938,123.90499877929688,4424587,0.0,0
2020-12-07 14:00:00-05:00,123.91000366210938,124.20999908447266,123.7699966430664,124.12010192871094,3536303,0.0,0
2020-12-07 14:30:00-05:00,124.12590026855469,124.29000091552734,123.94999694824219,124.01000213623047,3013229,0.0,0
2020-12-07 15:00:00-05:00,124.02850341796875,124.05000305175781,123.59500122070312,123.81999969482422,3956828,0.0,0
2020-12-07 15:30:00-05:00,123.82499694824219,123.9000015258789,123.30000305175781,123.80000305175781,6408040,0.0,0
2020-12-08 09:30:00-05:00,124.1500015258789,124.52999877929688,123.48999786376953,123.8947982788086,14319156,0.0,0
2020-12-08 10:00:00-05:00,123.8499984741211,124.22000122070312,123.23059844970703,123.32630157470703,8151367,0.0,0
2020-12-08 10:30:00-05:00,123.33999633789062,123.45999908447266,123.08999633789062,123.33930206298828,4436214,0.0,0
2020-12-08 11:00:00-05:00,123.33499908447266,123.54000091552734,123.16999816894531,123.48500061035156,3733351,0.0,0
2020-12-08 11:30:00-05:00,123.48999786376953,123.91999816894531,123.44499969482422,123.88999938964844,3704087,0.0,0
2020-12-08 12:00:00-05:00,123.88500213623047,124.1500015258789,123.8550033569336,124.06800079345703,3768648,0.0,0
2020-12-08 12:30:00-05:00,124.05999755859375,124.40499877929688,124.03500366210938,124.29630279541016,3414963,0.0,0
2020-12-08 13:00:00-05:00,124.29499816894531,124.83000183105469,124.2300033569336,124.69999694824219,5113344,0.0,0
2020-12-08 13:30:00-05:00,124.70500183105469,124.87000274658203,124.44999694824219,124.76000213623047,4389420,0.0,0
2020-12-08 14:00:00-05:00,124.76080322265625,124.8499984741211,124.38999938964844,124.77999877929688,4513619,0.0,0
2020-12-08 14:30:00-05:00,124.77839660644531,124.95999908447266,124.66999816894531,124.95010375976562,4118673,0.0,0
2020-12-08 15:00:00-05:00,124.95999908447266,124.9800033569336,124.69999694824219,124.83000183105469,3889984,0.0,0
2020-12-08 15:30:00-05:00,124.83499908447266,124.9000015258789,124.32499694824219,124.33000183105469,7093786,0.0,0
2020-12-09 09:30:00-05:00,124.52999877929688,125.94999694824219,123.86000061035156,125.86000061035156,18052550,0.0,0
2020-12-09 10:00:00-05:00,125.8499984741211,125.9000015258789,124.58999633789062,125.08999633789062,9100296,0.0,0
2020-12-09 10:30:00-05:00,125.0999984741211,125.47000122070312,124.80000305175781,125.41000366210938,5313812,0.0,0
2020-12-09 11:00:00-05:00,125.4000015258789,125.44000244140625,124.83999633789062,125.2300033569336,4790305,0.0,0
2020-12-09 11:30:00-05:00,125.2300033569336,125.29000091552734,124.66999816894531,124.8949966430664,3677832,0.0,0
2020-12-09 12:00:00-05:00,124.89099884033203,124.91999816894531,124.11000061035156,124.375,4451335,0.0,0
2020-12-09 12:30:00-05:00,124.375,124.37930297851562,122.83000183105469,123.64820098876953,7644611,0.0,0
2020-12-09 13:00:00-05:00,123.63999938964844,123.70999908447266,122.62999725341797,122.79000091552734,6134508,0.0,0
2020-12-09 13:30:00-05:00,122.77999877929688,122.79049682617188,121.61000061035156,121.63999938964844,8741675,0.0,0
2020-12-09 14:00:00-05:00,121.66000366210938,122.2300033569336,121.66000366210938,122.20999908447266,6068281,0.0,0
2020-12-09 14:30:00-05:00,122.20999908447266,122.25,121.0,121.62999725341797,6352498,0.0,0
2020-12-09 15:00:00-05:00,121.62000274658203,122.01000213623047,121.06999969482422,121.26000213623047,6534346,0.0,0
2020-12-09 15:30:00-05:00,121.25,122.20999908447266,121.20999908447266,121.68000030517578,11614197,0.0,0
2020-12-10 09:30:00-05:00,120.20999908447266,122.4800033569336,120.19999694824219,122.44499969482422,14642209,0.0,0
2020-12-10 10:00:00-05:00,122.44000244140625,123.18000030517578,121.99500274658203,122.98500061035156,7784460,0.0,0
2020-12-10 10:30:00-05:00,122.98999786376953,123.56999969482422,122.73490142822266,123.5,5932203,0.0,0
2020-12-10 11:00:00-05:00,123.48999786376953,123.83000183105469,123.1500015258789,123.77010345458984,5172803,0.0,0
2020-12-10 11:30:00-05:00,123.7699966430664,123.87000274658203,123.12000274658203,123.30000305175781,4371982,0.0,0
2020-12-10 12:00:00-05:00,123.29000091552734,123.58000183105469,122.86000061035156,123.27999877929688,4363508,0.0,0
2020-12-10 12:30:00-05:00,123.27079772949219,123.42500305175781,122.70999908447266,122.79000091552734,3325878,0.0,0
2020-12-10 13:00:00-05:00,122.79290008544922,123.52999877929688,122.74500274658203,123.52999877929688,3072195,0.0,0
2020-12-10 13:30:00-05:00,123.529296875,123.58000183105469,123.16500091552734,123.48999786376953,3093848,0.0,0
2020-12-10 14:00:00-05:00,123.48999786376953,123.62000274658203,123.11000061035156,123.1500015258789,3194563,0.0,0
2020-12-10 14:30:00-05:00,123.1500015258789,123.46980285644531,122.76000213623047,122.83999633789062,3366512,0.0,0
2020-12-10 15:00:00-05:00,122.83999633789062,123.20999908447266,122.70999908447266,123.16500091552734,4635053,0.0,0
2020-12-10 15:30:00-05:00,123.16000366210938,123.5999984741211,123.1500015258789,123.22000122070312,7771511,0.0,0
2020-12-11 09:30:00-05:00,122.43000030517578,122.76000213623047,120.87999725341797,121.25,15678133,0.0,0
2020-12-11 10:00:00-05:00,121.25,122.0105972290039,121.22000122070312,121.58000183105469,6639404,0.0,0
2020-12-11 10:30:00-05:00,121.58999633789062,121.69000244140625,121.2300033569336,121.33000183105469,4485574,0.0,0
2020-12-11 11:00:00-05:00,121.32499694824219,121.71499633789062,121.05999755859375,121.08000183105469,4459612,0.0,0
2020-12-11 11:30:00-05:00,121.08000183105469,121.33000183105469,120.80000305175781,120.98999786376953,4679944,0.0,0
2020-12-11 12:00:00-05:00,120.99500274658203,121.27999877929688,120.55000305175781,120.77999877929688,4180183,0.0,0
2020-12-11 12:30:00-05:00,120.7759017944336,121.44999694824219,120.5999984741211,121.4000015258789,4080916,0.0,0
2020-12-11 13:00:00-05:00,121.4000015258789,121.68000030517578,121.22000122070312,121.3949966430664,3713232,0.0,0
2020-12-11 13:30:00-05:00,121.39080047607422,121.83499908447266,121.33000183105469,121.72000122070312,4309060,0.0,0
2020-12-11 14:00:00-05:00,121.7300033569336,121.98989868164062,121.62010192871094,121.77429962158203,4823371,0.0,0
2020-12-11 14:30:00-05:00,121.77580261230469,122.16000366210938,121.7699966430664,121.97219848632812,4186970,0.0,0
2020-12-11 15:00:00-05:00,121.97000122070312,122.4000015258789,121.7300033569336,122.16500091552734,4659352,0.0,0
2020-12-11 15:30:00-05:00,122.16529846191406,122.5,121.83499908447266,122.48999786376953,8503817,0.0,0
2020-12-14 09:30:00-05:00,122.5999984741211,123.3499984741211,122.5,122.9406967163086,10987092,0.0,0
2020-12-14 10:00:00-05:00,122.94999694824219,123.02999877929688,122.63999938964844,122.91000366210938,5732244,0.0,0
2020-12-14 10:30:00-05:00,122.90149688720703,123.11000061035156,122.48999786376953,122.81990051269531,5424284,0.0,0
2020-12-14 11:00:00-05:00,122.80999755859375,123.19000244140625,122.62999725341797,123.0,4343105,0.0,0
2020-12-14 11:30:00-05:00,123.0,123.0999984741211,122.68000030517578,122.95570373535156,3371398,0.0,0
2020-12-14 12:00:00-05:00,122.95899963378906,122.98999786376953,122.66999816894531,122.91449737548828,5258509,0.0,0
2020-12-14 12:30:00-05:00,122.91000366210938,122.96420288085938,122.29000091552734,122.44000244140625,3361708,0.0,0
2020-12-14 13:00:00-05:00,122.44999694824219,122.62000274658203,122.12000274658203,122.1449966430664,3511421,0.0,0
2020-12-14 13:30:00-05:00,122.1500015258789,122.5199966430664,122.12999725341797,122.408203125,2959780,0.0,0
2020-12-14 14:00:00-05:00,122.41000366210938,122.54000091552734,122.2300033569336,122.47850036621094,3409539,0.0,0
2020-12-14 14:30:00-05:00,122.4749984741211,122.48999786376953,121.87000274658203,122.23999786376953,4640578,0.0,0
2020-12-14 15:00:00-05:00,122.24500274658203,122.48999786376953,122.0,122.30999755859375,3218422,0.0,0
2020-12-14 15:30:00-05:00,122.30500030517578,122.37000274658203,121.54000091552734,121.69999694824219,8867451,0.0,0
2020-12-15 09:30:00-05:00,124.33999633789062,126.91999816894531,124.12999725341797,126.41000366210938,33385410,0.0,0
2020-12-15 10:00:00-05:00,126.41999816894531,126.58000183105469,125.44999694824219,125.7300033569336,11962414,0.0,0
2020-12-15 10:30:00-05:00,125.7300033569336,126.13999938964844,125.2699966430664,125.94499969482422,8814870,0.0,0
2020-12-15 11:00:00-05:00,125.93000030517578,125.94670104980469,125.12999725341797,125.8333969116211,9742653,0.0,0
2020-12-15 11:30:00-05:00,125.83000183105469,126.23999786376953,125.56999969482422,125.95500183105469,6711205,0.0,0
2020-12-15 12:00:00-05:00,125.95500183105469,126.41999816894531,125.9000015258789,126.37000274658203,7477940,0.0,0
2020-12-15 12:30:00-05:00,126.37169647216797,126.80000305175781,126.23999786376953,126.55000305175781,10340025,0.0,0
2020-12-15 13:00:00-05:00,126.55000305175781,126.94999694824219,126.30000305175781,126.85079956054688,7289343,0.0,0
2020-12-15 13:30:00-05:00,126.85929870605469,126.9800033569336,126.5,126.72000122070312,7108480,0.0,0
2020-12-15 14:00:00-05:00,126.72000122070312,127.30000305175781,126.48079681396484,127.1720962524414,8941264,0.0,0
2020-12-15 14:30:00-05:00,127.16000366210938,127.5,127.16000366210938,127.2300033569336,7968126,0.0,0
2020-12-15 15:00:00-05:00,127.2249984741211,127.63999938964844,127.02999877929688,127.61000061035156,7980649,0.0,0
2020-12-15 15:30:00-05:00,127.6083984375,127.9000015258789,127.26000213623047,127.89299774169922,12697020,0.0,0
2020-12-16 09:30:00-05:00,127.41000366210938,127.69999694824219,126.5999984741211,127.16000366210938,17113703,0.0,0
2020-12-16 10:00:00-05:00,127.18499755859375,127.87000274658203,126.80999755859375,127.09149932861328,9236503,0.0,0
2020-12-16 10:30:00-05:00,127.0999984741211,127.44999694824219,126.91069793701172,126.98999786376953,5156734,0.0,0
2020-12-16 11:00:00-05:00,126.99500274658203,127.37000274658203,126.69000244140625,127.04000091552734,5209492,0.0,0
2020-12-16 11:30:00-05:00,127.033203125,127.83000183105469,127.0199966430664,127.80000305175781,5261054,0.0,0
2020-12-16 12:00:00-05:00,127.80000305175781,128.02000427246094,127.36000061035156,127.55500030517578,5155227,0.0,0
2020-12-16 12:30:00-05:00,127.55000305175781,127.80999755859375,127.33999633789062,127.7750015258789,3003055,0.0,0
2020-12-16 13:00:00-05:00,127.7699966430664,127.78929901123047,127.26000213623047,127.37000274658203,3037284,0.0,0
2020-12-16 13:30:00-05:00,127.37000274658203,127.94000244140625,127.33999633789062,127.66010284423828,3937072,0.0,0
2020-12-16 14:00:00-05:00,127.66999816894531,127.80000305175781,127.28500366210938,127.4000015258789,4604738,0.0,0
2020-12-16 14:30:00-05:00,127.4000015258789,128.23500061035156,127.37999725341797,128.11000061035156,5789753,0.0,0
2020-12-16 15:00:00-05:00,128.1199951171875,128.1699981689453,127.69999694824219,128.10499572753906,5258098,0.0,0
2020-12-16 15:30:00-05:00,128.11000061035156,128.3699951171875,127.69000244140625,127.75,11948919,0.0,0
2020-12-17 09:30:00-05:00,128.89999389648438,129.5800018310547,128.52000427246094,128.9409942626953,18195959,0.0,0
2020-12-17 10:00:00-05:00,128.8249969482422,129.0500030517578,128.19000244140625,129.0449981689453,8627280,0.0,0
2020-12-17 10:30:00-05:00,129.0500030517578,129.1999969482422,128.72999572753906,128.7808074951172,6007898,0.0,0
2020-12-17 11:00:00-05:00,128.7899932861328,129.0399932861328,128.58999633789062,128.6750030517578,4488857,0.0,0
2020-12-17 11:30:00-05:00,128.67999267578125,128.7100067138672,128.0449981689453,128.38999938964844,5242816,0.0,0
2020-12-17 12:00:00-05:00,128.39999389648438,128.57000732421875,128.2100067138672,128.41360473632812,3865334,0.0,0
2020-12-17 12:30:00-05:00,128.41000366210938,128.52000427246094,128.14349365234375,128.47140502929688,4546502,0.0,0
2020-12-17 13:00:00-05:00,128.47999572753906,128.7100067138672,128.39999389648438,128.5050048828125,2982551,0.0,0
2020-12-17 13:30:00-05:00,128.5050048828125,128.6699981689453,128.27999877929688,128.4550018310547,3240760,0.0,0
2020-12-17 14:00:00-05:00,128.4600067138672,128.52999877929688,128.22000122070312,128.28500366210938,4419861,0.0,0
2020-12-17 14:30:00-05:00,128.2899932861328,128.5399932861328,128.1199951171875,128.47000122070312,3697103,0.0,0
2020-12-17 15:00:00-05:00,128.4550018310547,128.52000427246094,128.24000549316406,128.3699951171875,3278072,0.0,0
2020-12-17 15:30:00-05:00,128.3699951171875,128.8300018310547,128.2899932861328,128.64999389648438,8203528,0.0,0
2020-12-18 09:30:00-05:00,128.9600067138672,129.10000610351562,127.3949966430664,127.6104965209961,28868871,0.0,0
2020-12-18 10:00:00-05:00,127.62000274658203,127.81500244140625,127.08000183105469,127.4000015258789,8009566,0.0,0
2020-12-18 10:30:00-05:00,127.38079833984375,127.94000244140625,127.37000274658203,127.74500274658203,4776116,0.0,0
2020-12-18 11:00:00-05:00,127.74500274658203,127.9000015258789,127.22000122070312,127.44000244140625,5557951,0.0,0
2020-12-18 11:30:00-05:00,127.43000030517578,127.68000030517578,127.29000091552734,127.41410064697266,4434057,0.0,0
2020-12-18 12:00:00-05:00,127.41490173339844,127.77989959716797,127.30000305175781,127.64929962158203,4155396,0.0,0
2020-12-18 12:30:00-05:00,127.64520263671875,127.8499984741211,127.58000183105469,127.69499969482422,3275194,0.0,0
2020-12-18 13:00:00-05:00,127.69999694824219,128.0,127.1500015258789,127.16000366210938,5222145,0.0,0
2020-12-18 13:30:00-05:00,127.16999816894531,127.18000030517578,126.625,126.79000091552734,6439728,0.0,0
2020-12-18 14:00:00-05:00,126.79000091552734,126.80970001220703,126.41999816894531,126.74800109863281,5668267,0.0,0
2020-12-18 14:30:00-05:00,126.74500274658203,127.98999786376953,126.42500305175781,126.77510070800781,8214642,0.0,0
2020-12-18 15:00:00-05:00,126.77999877929688,126.87999725341797,126.12000274658203,126.55000305175781,7903218,0.0,0
2020-12-18 15:30:00-05:00,126.55000305175781,127.0,126.27999877929688,126.6500015258789,17350106,0.0,0
2020-12-21 09:30:00-05:00,125.43000030517578,126.61840057373047,125.25,125.91000366210938,17802664,0.0,0
2020-12-21 10:00:00-05:00,125.91000366210938,126.02539825439453,123.88999938964844,124.0199966430664,11598281,0.0,0
2020-12-21 10:30:00-05:00,124.01000213623047,124.3499984741211,123.4489974975586,123.84989929199219,9308592,0.0,0
2020-12-21 11:00:00-05:00,123.8499984741211,124.78990173339844,123.81009674072266,124.57499694824219,6388483,0.0,0
2020-12-21 11:30:00-05:00,124.58000183105469,125.15499877929688,124.56999969482422,124.93049621582031,4956980,0.0,0
2020-12-21 12:00:00-05:00,124.94000244140625,125.72000122070312,124.88999938964844,125.6958999633789,4483777,0.0,0
2020-12-21 12:30:00-05:00,125.69499969482422,126.05000305175781,125.57849884033203,126.04100036621094,3942030,0.0,0
2020-12-21 13:00:00-05:00,126.05000305175781,126.44999694824219,125.83999633789062,126.41500091552734,4709711,0.0,0
2020-12-21 13:30:00-05:00,126.41000366210938,127.27999877929688,126.4000015258789,126.73999786376953,6065196,0.0,0
2020-12-21 14:00:00-05:00,126.7300033569336,127.02999877929688,126.48999786376953,126.98999786376953,4616077,0.0,0
2020-12-21 14:30:00-05:00,126.98999786376953,127.05999755859375,126.5999984741211,126.743896484375,3895723,0.0,0
2020-12-21 15:00:00-05:00,126.7479019165039,126.80999755859375,126.27010345458984,126.48079681396484,4477964,0.0,0
2020-12-21 15:30:00-05:00,126.4800033569336,128.30999755859375,126.13999938964844,128.24000549316406,18389542,0.0,0
2020-12-22 09:30:00-05:00,131.61000061035156,134.25,130.39999389648438,134.16000366210938,45306203,0.0,0
2020-12-22 10:00:00-05:00,134.1300048828125,134.40499877929688,132.8000030517578,133.13180541992188,21352176,0.0,0
2020-12-22 10:30:00-05:00,133.1300048828125,133.4199981689453,132.27999877929688,132.87930297851562,10694087,0.0,0
2020-12-22 11:00:00-05:00,132.875,132.89500427246094,131.0,131.69000244140625,11117036,0.0,0
2020-12-22 11:30:00-05:00,131.68499755859375,131.69000244140625,129.64999389648438,131.47500610351562,13530466,0.0,0
2020-12-22 12:00:00-05:00,131.47500610351562,132.1699981689453,131.0399932861328,131.5800018310547,10004823,0.0,0
2020-12-22 12:30:00-05:00,131.5861053466797,132.36000061035156,131.4600067138672,131.9918975830078,6642994,0.0,0
2020-12-22 13:00:00-05:00,132.0,132.9499969482422,131.97000122070312,132.6992950439453,6766193,0.0,0
2020-12-22 13:30:00-05:00,132.69000244140625,133.14999389648438,132.3800048828125,132.7550048828125,6652840,0.0,0
2020-12-22 14:00:00-05:00,132.75999450683594,132.99000549316406,132.2899932861328,132.64500427246094,5836449,0.0,0
2020-12-22 14:30:00-05:00,132.64999389648438,132.64999389648438,131.88999938964844,132.0406951904297,5723501,0.0,0
2020-12-22 15:00:00-05:00,132.0500030517578,132.32000732421875,131.6300048828125,131.72999572753906,5565667,0.0,0
2020-12-22 15:30:00-05:00,131.72000122070312,131.8800048828125,131.22149658203125,131.84500122070312,10501578,0.0,0
2020-12-23 09:30:00-05:00,131.9185028076172,132.25979614257812,130.85000610351562,132.14990234375,19559715,0.0,0
2020-12-23 10:00:00-05:00,132.1439971923828,132.1999969482422,131.63999938964844,131.73379516601562,6910640,0.0,0
2020-12-23 10:30:00-05:00,131.72999572753906,131.88999938964844,131.16189575195312,131.44000244140625,6462981,0.0,0
2020-12-23 11:00:00-05:00,131.42999267578125,131.8300018310547,131.25,131.38999938964844,5953704,0.0,0
2020-12-23 11:30:00-05:00,131.38999938964844,131.69000244140625,131.2100067138672,131.55999755859375,4178747,0.0,0
2020-12-23 12:00:00-05:00,131.5500030517578,132.1199951171875,131.5,132.06829833984375,4865114,0.0,0
2020-12-23 12:30:00-05:00,132.0500030517578,132.08990478515625,131.8000030517578,131.9550018310547,3246215,0.0,0
2020-12-23 13:00:00-05:00,131.9550018310547,132.25999450683594,131.8699951171875,132.0800018310547,3634584,0.0,0
2020-12-23 13:30:00-05:00,132.0749969482422,132.10000610351562,131.83999633789062,132.05999755859375,2610631,0.0,0
2020-12-23 14:00:00-05:00,132.0500030517578,132.07000732421875,131.6199951171875,131.7559051513672,3108841,0.0,0
2020-12-23 14:30:00-05:00,131.75999450683594,131.82000732421875,131.55999755859375,131.73500061035156,2922724,0.0,0
2020-12-23 15:00:00-05:00,131.73500061035156,131.8699951171875,131.56500244140625,131.61000061035156,3556601,0.0,0
2020-12-23 15:30:00-05:00,131.61000061035156,131.8800048828125,130.9199981689453,130.9600067138672,9426210,0.0,0
2020-12-24 09:30:00-05:00,131.32000732421875,133.1804962158203,131.10000610351562,132.48069763183594,15898344,0.0,0
2020-12-24 10:00:00-05:00,132.47999572753906,133.16000366210938,132.24000549316406,133.13560485839844,7535240,0.0,0
2020-12-24 10:30:00-05:00,133.13400268554688,133.4600067138672,132.50999450683594,132.51499938964844,8679930,0.0,0
2020-12-24 11:00:00-05:00,132.51499938964844,132.63999938964844,132.11000061035156,132.1470947265625,5670340,0.0,0
2020-12-24 11:30:00-05:00,132.16000366210938,132.36000061035156,131.64999389648438,131.86000061035156,4622828,0.0,0
2020-12-24 12:00:00-05:00,131.86000061035156,132.14999389648438,131.58999633789062,131.8800048828125,4296076,0.0,0
2020-12-24 12:30:00-05:00,131.8800048828125,132.0500030517578,131.61000061035156,131.99000549316406,6089679,0.0,0
2020-12-24 13:00:00-05:00,131.97000122070312,131.97000122070312,131.97000122070312,131.97000122070312,1392841,0.0,0
2020-12-28 09:30:00-05:00,133.6999969482422,135.74000549316406,133.57000732421875,135.44000244140625,25329241,0.0,0
2020-12-28 10:00:00-05:00,135.42999267578125,135.52999877929688,134.14999389648438,134.91839599609375,11394474,0.0,0
2020-12-28 10:30:00-05:00,134.9199981689453,135.5800018310547,134.86000061035156,134.97500610351562,7980643,0.0,0
2020-12-28 11:00:00-05:00,134.97999572753906,136.0,134.95010375976562,135.7899932861328,8459926,0.0,0
2020-12-28 11:30:00-05:00,135.7899932861328,136.38999938964844,135.77000427246094,136.28990173339844,9517593,0.0,0
2020-12-28 12:00:00-05:00,136.29010009765625,136.39999389648438,135.7899932861328,136.0749969482422,6616410,0.0,0
2020-12-28 12:30:00-05:00,136.0800018310547,136.35000610351562,135.97000122070312,136.30499267578125,5255850,0.0,0
2020-12-28 13:00:00-05:00,136.30870056152344,136.4199981689453,136.06759643554688,136.2469940185547,5235074,0.0,0
2020-12-28 13:30:00-05:00,136.24989318847656,136.26890563964844,135.98500061035156,136.15499877929688,4036257,0.0,0
2020-12-28 14:00:00-05:00,136.15499877929688,136.77000427246094,136.14999389648438,136.7449951171875,6444506,0.0,0
2020-12-28 14:30:00-05:00,136.7449951171875,136.97999572753906,136.6699981689453,136.88499450683594,5699566,0.0,0
2020-12-28 15:00:00-05:00,136.88499450683594,137.33999633789062,136.72000122070312,136.84500122070312,8074693,0.0,0
2020-12-28 15:30:00-05:00,136.8450927734375,136.99000549316406,136.33999633789062,136.7498016357422,11432984,0.0,0
2020-12-29 09:30:00-05:00,137.77000427246094,138.69000244140625,135.94000244140625,136.42990112304688,27160302,0.0,0
2020-12-29 10:00:00-05:00,136.4199981689453,136.85000610351562,135.50999450683594,135.97999572753906,12006813,0.0,0
2020-12-29 10:30:00-05:00,135.98150634765625,137.05999755859375,135.82000732421875,136.72999572753906,9326229,0.0,0
2020-12-29 11:00:00-05:00,136.72999572753906,137.41000366210938,136.60000610351562,137.29649353027344,8221223,0.0,0
2020-12-29 11:30:00-05:00,137.3000030517578,137.57000732421875,136.90499877929688,137.08999633789062,6848061,0.0,0
2020-12-29 12:00:00-05:00,137.09500122070312,137.10000610351562,136.36000061035156,136.4884033203125,7565551,0.0,0
2020-12-29 12:30:00-05:00,136.48500061035156,136.52999877929688,135.67010498046875,136.3000030517578,7157113,0.0,0
2020-12-29 13:00:00-05:00,136.3000030517578,136.45350646972656,136.02000427246094,136.0800018310547,4715317,0.0,0
2020-12-29 13:30:00-05:00,136.0847930908203,136.38999938964844,135.94000244140625,136.13929748535156,3941067,0.0,0
2020-12-29 14:00:00-05:00,136.13499450683594,136.16000366210938,135.69000244140625,135.79319763183594,4161106,0.0,0
2020-12-29 14:30:00-05:00,135.7935028076172,135.85000610351562,135.1300048828125,135.43499755859375,6290504,0.0,0
2020-12-29 15:00:00-05:00,135.43499755859375,135.6699981689453,135.14999389648438,135.3677978515625,5848386,0.0,0
2020-12-29 15:30:00-05:00,135.3699951171875,135.5399932861328,134.3408966064453,134.8800048828125,11503344,0.0,0
2020-12-30 09:30:00-05:00,135.5800018310547,135.8800048828125,134.49000549316406,134.7935028076172,15220313,0.0,0
2020-12-30 10:00:00-05:00,134.8000030517578,134.87989807128906,133.66000366210938,133.9949951171875,10891231,0.0,0
2020-12-30 10:30:00-05:00,134.00929260253906,134.460693359375,133.56500244140625,134.39059448242188,7464498,0.0,0
2020-12-30 11:00:00-05:00,134.38999938964844,134.77999877929688,134.10000610351562,134.6199951171875,5507653,0.0,0
2020-12-30 11:30:00-05:00,134.61659240722656,135.13999938964844,134.60000610351562,135.12579345703125,6312195,0.0,0
2020-12-30 12:00:00-05:00,135.1199951171875,135.17999267578125,134.52999877929688,134.6750030517578,5025451,0.0,0
2020-12-30 12:30:00-05:00,134.67539978027344,134.7100067138672,134.1999969482422,134.35960388183594,4657412,0.0,0
2020-12-30 13:00:00-05:00,134.35499572753906,134.5500030517578,134.23500061035156,134.4600067138672,3819767,0.0,0
2020-12-30 13:30:00-05:00,134.4553985595703,134.6199951171875,134.26010131835938,134.54449462890625,3032756,0.0,0
2020-12-30 14:00:00-05:00,134.5399932861328,134.58920288085938,133.86000061035156,133.99000549316406,5376766,0.0,0
2020-12-30 14:30:00-05:00,134.0,134.00999450683594,133.69000244140625,133.77450561523438,5665670,0.0,0
2020-12-30 15:00:00-05:00,133.76499938964844,133.85000610351562,133.39999389648438,133.70339965820312,5632752,0.0,0
2020-12-30 15:30:00-05:00,133.6999969482422,134.17999267578125,133.49000549316406,133.67999267578125,9694328,0.0,0
2020-12-31 09:30:00-05:00,134.0800018310547,134.66000366210938,133.1999969482422,133.43499755859375,13548575,0.0,0
2020-12-31 10:00:00-05:00,133.44000244140625,133.60000610351562,132.65029907226562,132.88499450683594,9513875,0.0,0
2020-12-31 10:30:00-05:00,132.88079833984375,133.3000030517578,132.79010009765625,133.12730407714844,5526675,0.0,0
2020-12-31 11:00:00-05:00,133.1300048828125,133.13999938964844,132.4499969482422,132.52999877929688,5476053,0.0,0
2020-12-31 11:30:00-05:00,132.52999877929688,132.75999450683594,131.89149475097656,131.9499969482422,6444808,0.0,0
2020-12-31 12:00:00-05:00,131.9600067138672,132.8000030517578,131.72000122070312,132.6199951171875,7094140,0.0,0
2020-12-31 12:30:00-05:00,132.6199951171875,132.7176055908203,132.3699951171875,132.4250030517578,4002517,0.0,0
2020-12-31 13:00:00-05:00,132.42999267578125,132.62969970703125,132.3101043701172,132.56080627441406,3471659,0.0,0
2020-12-31 13:30:00-05:00,132.56500244140625,132.5850067138672,132.08999633789062,132.10000610351562,3606947,0.0,0
2020-12-31 14:00:00-05:00,132.1009979248047,132.88999938964844,132.00999450683594,132.76499938964844,5801910,0.0,0
2020-12-31 14:30:00-05:00,132.77000427246094,133.10000610351562,132.64999389648438,132.99070739746094,5248455,0.0,0
2020-12-31 15:00:00-05:00,132.9949951171875,133.17999267578125,132.5659942626953,132.8000030517578,4899544,0.0,0
2020-12-31 15:30:00-05:00,132.7949981689453,133.3300018310547,132.4499969482422,132.5800018310547,11777361,0.0,0
2021-01-04 09:30:00-05:00,133.57000732421875,133.61160278320312,131.3000030517578,131.4488983154297,17187778,0.0,0
2021-01-04 10:00:00-05:00,131.5449981689453,131.6699981689453,130.3800048828125,131.05360412597656,10465367,0.0,0
2021-01-04 10:30:00-05:00,131.05499267578125,131.30999755859375,130.4499969482422,131.0,9109412,0.0,0
2021-01-04 11:00:00-05:00,131.13499450683594,131.30999755859375,129.39999389648438,129.89500427246094,11024643,0.0,0
2021-01-04 11:30:00-05:00,129.889892578125,130.08999633789062,128.7899932861328,128.82000732421875,9246340,0.0,0
2021-01-04 12:00:00-05:00,128.80999755859375,128.91929626464844,126.76000213623047,128.25,14447870,0.0,0
2021-01-04 12:30:00-05:00,128.2469024658203,128.59449768066406,127.63009643554688,128.4199981689453,7199857,0.0,0
2021-01-04 13:00:00-05:00,128.41000366210938,129.11000061035156,128.0500030517578,129.039794921875,7545206,0.0,0
2021-01-04 13:30:00-05:00,129.0399932861328,129.1999969482422,128.59500122070312,129.17779541015625,4735025,0.0,0
2021-01-04 14:00:00-05:00,129.1699981689453,129.1999969482422,128.6199951171875,128.9600067138672,6126753,0.0,0
2021-01-04 14:30:00-05:00,128.9600067138672,129.5791015625,128.63999938964844,129.4875946044922,6837084,0.0,0
2021-01-04 15:00:00-05:00,129.49200439453125,129.5800018310547,128.80999755859375,129.07000732421875,6350628,0.0,0
2021-01-04 15:30:00-05:00,129.05999755859375,129.74000549316406,128.75999450683594,129.41000366210938,12240987,0.0,0
2021-01-05 09:30:00-05:00,128.88999938964844,131.47999572753906,128.42999267578125,131.31039428710938,17010073,0.0,0
2021-01-05 10:00:00-05:00,131.32000732421875,131.74000549316406,130.6999969482422,131.052001953125,9788382,0.0,0
2021-01-05 10:30:00-05:00,131.07000732421875,131.41929626464844,130.4499969482422,130.52000427246094,6688673,0.0,0
2021-01-05 11:00:00-05:00,130.53500366210938,130.69000244140625,129.92999267578125,130.3800048828125,8063874,0.0,0
2021-01-05 11:30:00-05:00,130.37489318847656,130.67999267578125,130.1999969482422,130.2899932861328,5205326,0.0,0
2021-01-05 12:00:00-05:00,130.2899932861328,130.3018035888672,129.83999633789062,130.14990234375,5115827,0.0,0
2021-01-05 12:30:00-05:00,130.14500427246094,130.33999633789062,129.85000610351562,130.14500427246094,3672723,0.0,0
2021-01-05 13:00:00-05:00,130.14999389648438,130.24000549316406,129.94009399414062,130.0449981689453,2541679,0.0,0
2021-01-05 13:30:00-05:00,130.04080200195312,130.6300048828125,130.0399932861328,130.625,4139791,0.0,0
2021-01-05 14:00:00-05:00,130.62899780273438,131.25,130.59500122070312,131.11000061035156,5548221,0.0,0
2021-01-05 14:30:00-05:00,131.11000061035156,131.40499877929688,130.85000610351562,130.9499969482422,4590262,0.0,0
2021-01-05 15:00:00-05:00,130.9600067138672,131.27000427246094,130.81500244140625,130.8300018310547,4333475,0.0,0
2021-01-05 15:30:00-05:00,130.83250427246094,131.4499969482422,130.75999450683594,130.9499969482422,8755449,0.0,0
2021-01-06 09:30:00-05:00,127.625,128.52000427246094,126.80799865722656,128.05999755859375,27398649,0.0,0
2021-01-06 10:00:00-05:00,128.07000732421875,129.2100067138672,127.58999633789062,128.95010375976562,11625017,0.0,0
2021-01-06 10:30:00-05:00,128.9600067138672,129.74000549316406,128.81500244140625,129.38690185546875,10793050,0.0,0
2021-01-06 11:00:00-05:00,129.38999938964844,131.04989624023438,129.10000610351562,130.4199981689453,10905177,0.0,0
2021-01-06 11:30:00-05:00,130.42999267578125,130.76849365234375,129.88999938964844,130.1199951171875,7793803,0.0,0
2021-01-06 12:00:00-05:00,130.1300048828125,130.7050018310547,130.05999755859375,130.3249969482422,5773369,0.0,0
2021-01-06 12:30:00-05:00,130.3292999267578,130.5399932861328,129.8800048828125,130.00999450683594,4593123,0.0,0
2021-01-06 13:00:00-05:00,130.02000427246094,130.25999450683594,129.2100067138672,129.24000549316406,6675121,0.0,0
2021-01-06 13:30:00-05:00,129.25,129.60000610351562,128.94000244140625,129.25,6215721,0.0,0
2021-01-06 14:00:00-05:00,129.2550048828125,129.4499969482422,127.75,127.80000305175781,8569251,0.0,0
2021-01-06 14:30:00-05:00,127.79989624023438,128.22000122070312,127.0999984741211,127.93990325927734,13059659,0.0,0
2021-01-06 15:00:00-05:00,127.93000030517578,128.22000122070312,126.94000244140625,127.4800033569336,10358403,0.0,0
2021-01-06 15:30:00-05:00,127.48989868164062,127.58999633789062,126.38200378417969,126.58999633789062,19152815,0.0,0
2021-01-07 09:30:00-05:00,128.36000061035156,129.1300048828125,127.87999725341797,129.0102996826172,19934586,0.0,0
2021-01-07 10:00:00-05:00,129.0800018310547,130.31500244140625,128.8800048828125,129.83009338378906,12078888,0.0,0
2021-01-07 10:30:00-05:00,129.83999633789062,130.55999755859375,129.69000244140625,130.5406036376953,7930500,0.0,0
2021-01-07 11:00:00-05:00,130.5449981689453,131.02999877929688,130.30999755859375,130.55999755859375,8386444,0.0,0
2021-01-07 11:30:00-05:00,130.57000732421875,130.9600067138672,130.13999938964844,130.32000732421875,5965634,0.0,0
2021-01-07 12:00:00-05:00,130.3300018310547,130.4250030517578,129.85000610351562,130.05999755859375,5027366,0.0,0
2021-01-07 12:30:00-05:00,130.07000732421875,130.64999389648438,130.05999755859375,130.4611053466797,3651170,0.0,0
2021-01-07 13:00:00-05:00,130.46499633789062,130.5498046875,130.02000427246094,130.36000061035156,3715844,0.0,0
2021-01-07 13:30:00-05:00,130.3699951171875,130.55999755859375,130.2100067138672,130.3000030517578,3474656,0.0,0
2021-01-07 14:00:00-05:00,130.30999755859375,130.63999938964844,130.27999877929688,130.61680603027344,3521063,0.0,0
2021-01-07 14:30:00-05:00,130.61439514160156,130.77999877929688,130.4145050048828,130.77499389648438,3986828,0.0,0
2021-01-07 15:00:00-05:00,130.77239990234375,131.21499633789062,130.4600067138672,131.2100067138672,7305770,0.0,0
2021-01-07 15:30:00-05:00,131.2100067138672,131.6300048828125,130.82000732421875,130.86000061035156,10803312,0.0,0
2021-01-08 09:30:00-05:00,132.42999267578125,132.6300048828125,130.35000610351562,131.5489959716797,19834068,0.0,0
2021-01-08 10:00:00-05:00,131.5449981689453,131.97999572753906,130.25999450683594,130.3800048828125,9141298,0.0,0
2021-01-08 10:30:00-05:00,130.38999938964844,131.5,130.3300018310547,131.02000427246094,7088216,0.0,0
2021-01-08 11:00:00-05:00,131.02000427246094,131.3000030517578,130.62010192871094,131.07000732421875,5985423,0.0,0
2021-01-08 11:30:00-05:00,131.07000732421875,132.25,130.9801025390625,132.24000549316406,7119953,0.0,0
2021-01-08 12:00:00-05:00,132.2407989501953,132.57000732421875,131.7100067138672,132.15499877929688,7163817,0.0,0
2021-01-08 12:30:00-05:00,132.15499877929688,132.25,131.52000427246094,131.6699981689453,4425075,0.0,0
2021-01-08 13:00:00-05:00,131.6699981689453,131.7949981689453,130.3699951171875,131.11500549316406,6057691,0.0,0
2021-01-08 13:30:00-05:00,131.1199951171875,131.22999572753906,130.22999572753906,131.00999450683594,5757846,0.0,0
2021-01-08 14:00:00-05:00,131.00489807128906,131.5500030517578,130.97000122070312,131.47500610351562,4373957,0.0,0
2021-01-08 14:30:00-05:00,131.47000122070312,131.55499267578125,131.08030700683594,131.44000244140625,3691693,0.0,0
2021-01-08 15:00:00-05:00,131.44000244140625,131.85000610351562,131.38999938964844,131.77349853515625,4702819,0.0,0
2021-01-08 15:30:00-05:00,131.77000427246094,132.2100067138672,131.6300048828125,131.99000549316406,8656786,0.0,0
2021-01-11 09:30:00-05:00,129.19000244140625,129.79080200195312,128.5,129.4250030517578,20292024,0.0,0
2021-01-11 10:00:00-05:00,129.41000366210938,130.1699981689453,129.3699951171875,130.0,9557954,0.0,0
2021-01-11 10:30:00-05:00,130.0,130.11000061035156,129.32009887695312,129.57000732421875,6485920,0.0,0
2021-01-11 11:00:00-05:00,129.55999755859375,129.63999938964844,129.02999877929688,129.5634002685547,5566603,0.0,0
2021-01-11 11:30:00-05:00,129.55999755859375,129.69000244140625,129.3000030517578,129.50999450683594,3894157,0.0,0
2021-01-11 12:00:00-05:00,129.50999450683594,129.85000610351562,129.35000610351562,129.7050018310547,3989502,0.0,0
2021-01-11 12:30:00-05:00,129.6999969482422,130.05999755859375,129.49000549316406,129.5500030517578,4107638,0.0,0
2021-01-11 13:00:00-05:00,129.5449981689453,129.92999267578125,129.4499969482422,129.61000061035156,4767223,0.0,0
2021-01-11 13:30:00-05:00,129.6199951171875,129.64999389648438,129.22000122070312,129.34500122070312,4487721,0.0,0
2021-01-11 14:00:00-05:00,129.34800720214844,129.34800720214844,128.94009399414062,129.00079345703125,4620012,0.0,0
2021-01-11 14:30:00-05:00,129.0,129.3300018310547,128.8699951171875,129.30999755859375,4489940,0.0,0
2021-01-11 15:00:00-05:00,129.30999755859375,129.44000244140625,128.69000244140625,128.73789978027344,5410031,0.0,0
2021-01-11 15:30:00-05:00,128.73500061035156,129.17999267578125,128.7176055908203,128.97999572753906,8720406,0.0,0
2021-01-12 09:30:00-05:00,128.7949981689453,129.69000244140625,128.0800018310547,128.36000061035156,15985800,0.0,0
2021-01-12 10:00:00-05:00,128.36000061035156,129.1300048828125,128.17999267578125,128.99969482421875,7043536,0.0,0
2021-01-12 10:30:00-05:00,129.02999877929688,129.3300018310547,128.75999450683594,128.91009521484375,6141356,0.0,0
2021-01-12 11:00:00-05:00,128.91000366210938,129.17999267578125,128.60000610351562,128.71389770507812,5228264,0.0,0
2021-01-12 11:30:00-05:00,128.7100067138672,128.72019958496094,128.14999389648438,128.35499572753906,5446555,0.0,0
2021-01-12 12:00:00-05:00,128.3583984375,128.38999938964844,126.86000061035156,127.60009765625,11058953,0.0,0
2021-01-12 12:30:00-05:00,127.6050033569336,127.98999786376953,127.4800033569336,127.94499969482422,4304252,0.0,0
2021-01-12 13:00:00-05:00,127.94999694824219,128.3800048828125,127.70999908447266,128.2834014892578,4429790,0.0,0
2021-01-12 13:30:00-05:00,128.2823028564453,128.44000244140625,128.0800018310547,128.19500732421875,3612479,0.0,0
2021-01-12 14:00:00-05:00,128.19500732421875,128.63999938964844,128.1699981689453,128.49400329589844,4105700,0.0,0
2021-01-12 14:30:00-05:00,128.49099731445312,128.7899932861328,128.0800018310547,128.39999389648438,4691867,0.0,0
2021-01-12 15:00:00-05:00,128.39999389648438,128.6699981689453,128.20010375976562,128.5399932861328,4176125,0.0,0
2021-01-12 15:30:00-05:00,128.52999877929688,129.19000244140625,128.47000122070312,128.8199005126953,7869307,0.0,0
2021-01-13 09:30:00-05:00,128.93170166015625,130.20010375976562,128.8699951171875,129.8300018310547,14762607,0.0,0
2021-01-13 10:00:00-05:00,129.8300018310547,130.16000366210938,129.32000732421875,130.0435028076172,8463189,0.0,0
2021-01-13 10:30:00-05:00,130.0500030517578,131.25999450683594,130.0500030517578,131.02999877929688,8925751,0.0,0
2021-01-13 11:00:00-05:00,131.031005859375,131.44000244140625,130.82000732421875,131.25,6837465,0.0,0
2021-01-13 11:30:00-05:00,131.24000549316406,131.4499969482422,130.72149658203125,131.14999389648438,6182258,0.0,0
2021-01-13 12:00:00-05:00,131.16000366210938,131.19000244140625,130.5,130.72300720214844,5705565,0.0,0
2021-01-13 12:30:00-05:00,130.72500610351562,131.18499755859375,130.41000366210938,131.1300048828125,5159068,0.0,0
2021-01-13 13:00:00-05:00,131.1199951171875,131.2899932861328,130.77000427246094,130.88999938964844,3375688,0.0,0
2021-01-13 13:30:00-05:00,130.88499450683594,131.0886993408203,130.78500366210938,130.85499572753906,2477468,0.0,0
2021-01-13 14:00:00-05:00,130.85499572753906,131.1999969482422,130.73060607910156,130.92050170898438,3585441,0.0,0
2021-01-13 14:30:00-05:00,130.9199981689453,131.13999938964844,130.83999633789062,131.00010681152344,3038247,0.0,0
2021-01-13 15:00:00-05:00,131.00999450683594,131.0800018310547,130.6300048828125,130.6750030517578,3223679,0.0,0
2021-01-13 15:30:00-05:00,130.6750030517578,131.1300048828125,130.60000610351562,130.88999938964844,6948730,0.0,0
2021-01-14 09:30:00-05:00,130.5,130.6999969482422,129.66419982910156,130.00999450683594,13892370,0.0,0
2021-01-14 10:00:00-05:00,130.0,130.36000061035156,129.60000610351562,130.25,7856323,0.0,0
2021-01-14 10:30:00-05:00,130.2550048828125,130.8699951171875,130.0399932861328,130.62289428710938,7467789,0.0,0
2021-01-14 11:00:00-05:00,130.6300048828125,130.6999969482422,130.14999389648438,130.39500427246094,4562891,0.0,0
2021-01-14 11:30:00-05:00,130.3975067138672,130.5093994140625,129.86000061035156,129.99989318847656,4228946,0.0,0
2021-01-14 12:00:00-05:00,129.9949951171875,130.0800018310547,129.75999450683594,130.02000427246094,3562943,0.0,0
2021-01-14 12:30:00-05:00,130.02000427246094,130.1999969482422,129.5399932861328,130.1300048828125,4417289,0.0,0
2021-01-14 13:00:00-05:00,130.13229370117188,130.13259887695312,129.72000122070312,129.77310180664062,3186416,0.0,0
2021-01-14 13:30:00-05:00,129.77000427246094,129.91000366210938,129.5,129.52999877929688,3344612,0.0,0
2021-01-14 14:00:00-05:00,129.52000427246094,129.74000549316406,129.35000610351562,129.47189331054688,4319332,0.0,0
2021-01-14 14:30:00-05:00,129.47079467773438,129.6300048828125,129.2899932861328,129.625,4009135,0.0,0
2021-01-14 15:00:00-05:00,129.6230926513672,129.72999572753906,128.89999389648438,129.02999877929688,8051367,0.0,0
2021-01-14 15:30:00-05:00,129.0399932861328,129.44000244140625,128.75999450683594,128.91000366210938,9668748,0.0,0
2021-01-15 09:30:00-05:00,128.77999877929688,130.2241973876953,128.63999938964844,129.14999389648438,19575479,0.0,0
2021-01-15 10:00:00-05:00,129.0399932861328,129.16000366210938,127.5,128.27000427246094,11802965,0.0,0
2021-01-15 10:30:00-05:00,128.25999450683594,128.4499969482422,127.93000030517578,128.22500610351562,8114923,0.0,0
2021-01-15 11:00:00-05:00,128.2248992919922,129.32000732421875,127.59239959716797,129.3000030517578,8319476,0.0,0
2021-01-15 11:30:00-05:00,129.2899932861328,129.35000610351562,128.72000122070312,128.75,7861322,0.0,0
2021-01-15 12:00:00-05:00,128.7550048828125,128.8000030517578,128.25,128.25999450683594,4708307,0.0,0
2021-01-15 12:30:00-05:00,128.26010131835938,128.7100067138672,128.19000244140625,128.48500061035156,3734426,0.0,0
2021-01-15 13:00:00-05:00,128.47999572753906,128.92990112304688,128.27000427246094,128.64999389648438,2953410,0.0,0
2021-01-15 13:30:00-05:00,128.65919494628906,128.78880310058594,128.44070434570312,128.49200439453125,4374492,0.0,0
2021-01-15 14:00:00-05:00,128.5,128.72999572753906,128.0,128.05990600585938,3715932,0.0,0
2021-01-15 14:30:00-05:00,128.05999755859375,128.11000061035156,127.6500015258789,127.73770141601562,4815510,0.0,0
2021-01-15 15:00:00-05:00,127.72799682617188,127.97000122070312,127.48999786376953,127.55999755859375,5684302,0.0,0
2021-01-15 15:30:00-05:00,127.55999755859375,127.61000061035156,127.0,127.06999969482422,10977550,0.0,0
2021-01-19 09:30:00-05:00,128.0,128.64999389648438,127.31999969482422,127.45999908447266,22761062,0.0,0
2021-01-19 10:00:00-05:00,127.45999908447266,127.5,126.93800354003906,127.16929626464844,8713057,0.0,0
2021-01-19 10:30:00-05:00,127.18000030517578,127.41999816894531,126.94999694824219,127.1072998046875,5572841,0.0,0
2021-01-19 11:00:00-05:00,127.0999984741211,127.55999755859375,127.05000305175781,127.18000030517578,5894752,0.0,0
2021-01-19 11:30:00-05:00,127.18000030517578,127.79000091552734,127.12000274658203,127.70999908447266,3747777,0.0,0
2021-01-19 12:00:00-05:00,127.70079803466797,127.77999877929688,127.36000061035156,127.37000274658203,3787418,0.0,0
2021-01-19 12:30:00-05:00,127.375,128.08079528808594,127.27999877929688,128.0301055908203,4640192,0.0,0
2021-01-19 13:00:00-05:00,128.039306640625,128.25999450683594,127.94000244140625,128.11000061035156,3608914,0.0,0
2021-01-19 13:30:00-05:00,128.1199951171875,128.17999267578125,127.88999938964844,127.94999694824219,3071330,0.0,0
2021-01-19 14:00:00-05:00,127.94499969482422,128.19000244140625,127.83000183105469,128.05050659179688,3065035,0.0,0
2021-01-19 14:30:00-05:00,128.0500030517578,128.125,127.68000030517578,127.88999938964844,3288666,0.0,0
2021-01-19 15:00:00-05:00,127.88999938964844,128.1300048828125,127.7699966430664,127.87010192871094,3395206,0.0,0
2021-01-19 15:30:00-05:00,127.87999725341797,128.11000061035156,127.63999938964844,127.8499984741211,6907881,0.0,0
2021-01-20 09:30:00-05:00,128.8300018310547,130.422607421875,128.75999450683594,129.9759979248047,16046434,0.0,0
2021-01-20 10:00:00-05:00,129.98500061035156,131.1999969482422,129.8000030517578,131.1199951171875,10824753,0.0,0
2021-01-20 10:30:00-05:00,131.12989807128906,131.82009887695312,130.91000366210938,131.72000122070312,9166118,0.0,0
2021-01-20 11:00:00-05:00,131.7100067138672,131.88999938964844,131.06199645996094,131.84170532226562,7161615,0.0,0
2021-01-20 11:30:00-05:00,131.84010314941406,132.25,131.67999267578125,132.0850067138672,6220158,0.0,0
2021-01-20 12:00:00-05:00,132.08999633789062,132.22000122070312,131.74000549316406,131.9600067138672,4475592,0.0,0
2021-01-20 12:30:00-05:00,131.97000122070312,132.02679443359375,131.67999267578125,131.8699951171875,3636467,0.0,0
2021-01-20 13:00:00-05:00,131.8699951171875,132.2100067138672,131.81979370117188,132.1584014892578,4233831,0.0,0
2021-01-20 13:30:00-05:00,132.1699981689453,132.44000244140625,131.89999389648438,131.93409729003906,3994222,0.0,0
2021-01-20 14:00:00-05:00,131.93499755859375,132.1999969482422,131.72999572753906,132.19410705566406,5187807,0.0,0
2021-01-20 14:30:00-05:00,132.19000244140625,132.49000549316406,132.1199951171875,132.18260192871094,4978423,0.0,0
2021-01-20 15:00:00-05:00,132.17999267578125,132.32980346679688,131.94000244140625,132.1800994873047,4867667,0.0,0
2021-01-20 15:30:00-05:00,132.17999267578125,132.4600067138672,131.97000122070312,131.97000122070312,9212800,0.0,0
2021-01-21 09:30:00-05:00,133.8000030517578,135.02999877929688,133.58999633789062,134.8780059814453,24903317,0.0,0
2021-01-21 10:00:00-05:00,134.97000122070312,135.97999572753906,134.8000030517578,135.85960388183594,13502585,0.0,0
2021-01-21 10:30:00-05:00,135.8592987060547,136.35000610351562,135.35000610351562,135.98500061035156,9865604,0.0,0
2021-01-21 11:00:00-05:00,135.98500061035156,136.3800048828125,135.84019470214844,136.18499755859375,7486840,0.0,0
2021-01-21 11:30:00-05:00,136.18179321289062,136.27000427246094,135.55999755859375,136.0800018310547,6051007,0.0,0
2021-01-21 12:00:00-05:00,136.07000732421875,136.1199951171875,135.2100067138672,135.85000610351562,5776641,0.0,0
2021-01-21 12:30:00-05:00,135.86000061035156,136.1999969482422,135.6300048828125,136.1649932861328,4805670,0.0,0
2021-01-21 13:00:00-05:00,136.1699981689453,136.33990478515625,136.08999633789062,136.22000122070312,3532316,0.0,0
2021-01-21 13:30:00-05:00,136.22999572753906,136.47999572753906,135.91310119628906,136.125,4912918,0.0,0
2021-01-21 14:00:00-05:00,136.12989807128906,136.64999389648438,136.09500122070312,136.56149291992188,4481030,0.0,0
2021-01-21 14:30:00-05:00,136.57000732421875,136.6999969482422,136.36000061035156,136.53500366210938,4024403,0.0,0
2021-01-21 15:00:00-05:00,136.53500366210938,136.99000549316406,136.4499969482422,136.82989501953125,5648724,0.0,0
2021-01-21 15:30:00-05:00,136.8300018310547,139.6699981689453,136.7899932861328,136.86000061035156,12778204,0.0,0
2021-01-22 09:30:00-05:00,136.27999877929688,137.5,135.2200927734375,137.33999633789062,20176931,0.0,0
2021-01-22 10:00:00-05:00,137.3699951171875,137.66000366210938,136.50999450683594,136.61500549316406,9610092,0.0,0
2021-01-22 10:30:00-05:00,136.6157989501953,136.91000366210938,136.02000427246094,136.8800048828125,7466059,0.0,0
2021-01-22 11:00:00-05:00,136.8699951171875,137.52000427246094,136.8000030517578,137.2449951171875,7342905,0.0,0
2021-01-22 11:30:00-05:00,137.2449951171875,137.47000122070312,136.95010375976562,137.33999633789062,4770273,0.0,0
2021-01-22 12:00:00-05:00,137.35000610351562,138.17999267578125,137.1999969482422,138.0933074951172,7705889,0.0,0
2021-01-22 12:30:00-05:00,138.0950927734375,138.1199951171875,137.7100067138672,137.97500610351562,5273026,0.0,0
2021-01-22 13:00:00-05:00,137.97329711914062,138.1699981689453,137.74000549316406,138.0050048828125,4202967,0.0,0
2021-01-22 13:30:00-05:00,138.0050048828125,138.32000732421875,137.8699951171875,137.99899291992188,4857787,0.0,0
2021-01-22 14:00:00-05:00,137.99920654296875,138.49000549316406,137.8800048828125,138.4250030517578,4647801,0.0,0
2021-01-22 14:30:00-05:00,138.4199981689453,139.19000244140625,138.3800048828125,139.08999633789062,6477372,0.0,0
2021-01-22 15:00:00-05:00,139.09500122070312,139.44000244140625,138.6300048828125,139.36300659179688,8754002,0.0,0
2021-01-22 15:30:00-05:00,139.36700439453125,139.85000610351562,138.9199981689453,138.9698944091797,13383715,0.0,0
2021-01-25 09:30:00-05:00,143.125,145.0800018310547,142.94000244140625,144.93499755859375,34373700,0.0,0
2021-01-25 10:00:00-05:00,144.94000244140625,144.99000549316406,143.8800048828125,144.22999572753906,11981029,0.0,0
2021-01-25 10:30:00-05:00,144.22999572753906,144.32000732421875,140.8800048828125,141.1300048828125,13478418,0.0,0
2021-01-25 11:00:00-05:00,141.08999633789062,141.89999389648438,136.5399932861328,141.22000122070312,23608710,0.0,0
2021-01-25 11:30:00-05:00,141.22000122070312,142.77000427246094,141.16000366210938,142.58999633789062,9968335,0.0,0
2021-01-25 12:00:00-05:00,142.60000610351562,142.9499969482422,140.91000366210938,141.19000244140625,8980237,0.0,0
2021-01-25 12:30:00-05:00,141.17999267578125,142.8300018310547,141.0399932861328,142.42999267578125,7467290,0.0,0
2021-01-25 13:00:00-05:00,142.42999267578125,143.2899932861328,142.16000366210938,142.98989868164062,7038276,0.0,0
2021-01-25 13:30:00-05:00,143.00999450683594,143.25,142.3000030517578,142.66000366210938,6205594,0.0,0
2021-01-25 14:00:00-05:00,142.6699981689453,142.83909606933594,141.7899932861328,142.58200073242188,5014404,0.0,0
2021-01-25 14:30:00-05:00,142.5800018310547,143.0,142.4615020751953,142.69009399414062,4759849,0.0,0
2021-01-25 15:00:00-05:00,142.69500732421875,142.8249969482422,141.75,142.07000732421875,6589338,0.0,0
2021-01-25 15:30:00-05:00,142.06100463867188,143.1300048828125,141.99000549316406,142.89999389648438,9851143,0.0,0
2021-01-26 09:30:00-05:00,143.60000610351562,144.3000030517578,141.3773956298828,143.0500030517578,21453158,0.0,0
2021-01-26 10:00:00-05:00,142.8699951171875,143.22000122070312,141.88999938964844,142.21209716796875,8674899,0.0,0
2021-01-26 10:30:00-05:00,142.22239685058594,142.6999969482422,141.9199981689453,142.6999053955078,7322739,0.0,0
2021-01-26 11:00:00-05:00,142.69000244140625,143.17999267578125,142.24000549316406,142.3300018310547,6985913,0.0,0
2021-01-26 11:30:00-05:00,142.30999755859375,142.44000244140625,141.8300018310547,141.9199981689453,4789938,0.0,0
2021-01-26 12:00:00-05:00,141.92999267578125,142.4499969482422,141.91000366210938,142.40499877929688,5056191,0.0,0
2021-01-26 12:30:00-05:00,142.39999389648438,142.40499877929688,141.92999267578125,142.1999969482422,3341378,0.0,0
2021-01-26 13:00:00-05:00,142.210693359375,142.66000366210938,142.0399932861328,142.50050354003906,3290787,0.0,0
2021-01-26 13:30:00-05:00,142.5,143.1999969482422,142.4949951171875,142.9615020751953,4840702,0.0,0
2021-01-26 14:00:00-05:00,142.96499633789062,143.3699951171875,142.77999877929688,142.96009826660156,4851008,0.0,0
2021-01-26 14:30:00-05:00,142.97000122070312,143.1199951171875,142.6300048828125,142.91009521484375,3942429,0.0,0
2021-01-26 15:00:00-05:00,142.9199981689453,143.1300048828125,142.75999450683594,143.0800018310547,3847356,0.0,0
2021-01-26 15:30:00-05:00,143.08999633789062,143.32000732421875,142.83999633789062,143.18499755859375,8440749,0.0,0
2021-01-27 09:30:00-05:00,143.42999267578125,143.82000732421875,141.57000732421875,142.77499389648438,18428418,0.0,0
2021-01-27 10:00:00-05:00,142.7799072265625,144.3000030517578,142.77000427246094,143.4600067138672,9989070,0.0,0
2021-01-27 10:30:00-05:00,143.44320678710938,143.77999877929688,142.8000030517578,143.3300018310547,6979646,0.0,0
2021-01-27 11:00:00-05:00,143.3300018310547,143.3699951171875,142.44500732421875,142.57000732421875,5319342,0.0,0
2021-01-27 11:30:00-05:00,142.57000732421875,142.8800048828125,141.83999633789062,141.92730712890625,7471744,0.0,0
2021-01-27 12:00:00-05:00,141.9199981689453,143.5399932861328,141.77499389648438,143.3199005126953,6328600,0.0,0
2021-01-27 12:30:00-05:00,143.30099487304688,143.39999389648438,142.72000122070312,143.32989501953125,4831977,0.0,0
2021-01-27 13:00:00-05:00,143.3300018310547,143.42999267578125,142.9199981689453,143.27000427246094,5136572,0.0,0
2021-01-27 13:30:00-05:00,143.27000427246094,143.64999389648438,143.0399932861328,143.39500427246094,4908512,0.0,0
2021-01-27 14:00:00-05:00,143.39999389648438,143.99000549316406,142.6999969482422,142.9199981689453,7445138,0.0,0
2021-01-27 14:30:00-05:00,142.91000366210938,142.99000549316406,141.25999450683594,141.75999450683594,10796275,0.0,0
2021-01-27 15:00:00-05:00,141.76559448242188,142.39999389648438,141.39999389648438,141.66000366210938,7991548,0.0,0
2021-01-27 15:30:00-05:00,141.66000366210938,142.88999938964844,140.41000366210938,142.5,16973058,0.0,0
2021-01-28 09:30:00-05:00,139.27999877929688,139.99000549316406,138.0,138.25999450683594,24102096,0.0,0
2021-01-28 10:00:00-05:00,138.0749969482422,140.3385009765625,138.0,139.57000732421875,12498364,0.0,0
2021-01-28 10:30:00-05:00,139.61000061035156,140.1699981689453,138.52000427246094,139.2200927734375,9105528,0.0,0
2021-01-28 11:00:00-05:00,139.22999572753906,140.02499389648438,138.85000610351562,138.94000244140625,8264649,0.0,0
2021-01-28 11:30:00-05:00,138.9600067138672,139.24000549316406,138.49000549316406,139.07000732421875,5894066,0.0,0
2021-01-28 12:00:00-05:00,139.07000732421875,141.99000549316406,139.0050048828125,141.15919494628906,13092372,0.0,0
2021-01-28 12:30:00-05:00,141.16000366210938,141.6199951171875,140.5800018310547,140.6999969482422,7986605,0.0,0
2021-01-28 13:00:00-05:00,140.72000122070312,140.92999267578125,139.89999389648438,140.14999389648438,6169921,0.0,0
2021-01-28 13:30:00-05:00,140.1699981689453,140.5399932861328,140.02999877929688,140.20010375976562,4747358,0.0,0
2021-01-28 14:00:00-05:00,140.21499633789062,140.33999633789062,139.02999877929688,139.7801055908203,8306698,0.0,0
2021-01-28 14:30:00-05:00,139.8000030517578,139.85000610351562,139.0500030517578,139.32009887695312,4878499,0.0,0
2021-01-28 15:00:00-05:00,139.32000732421875,139.3300018310547,138.3000030517578,138.30999755859375,7539886,0.0,0
2021-01-28 15:30:00-05:00,138.3083953857422,138.5500030517578,136.6999969482422,137.08999633789062,16848330,0.0,0
2021-01-29 09:30:00-05:00,135.8300018310547,136.7100067138672,134.0,135.15870666503906,21996347,0.0,0
2021-01-29 10:00:00-05:00,135.110107421875,135.58999633789062,133.89999389648438,135.0998992919922,10531666,0.0,0
2021-01-29 10:30:00-05:00,135.09890747070312,135.44000244140625,133.8300018310547,134.1114959716797,8560134,0.0,0
2021-01-29 11:00:00-05:00,134.1300048828125,134.3300018310547,131.875,132.1999969482422,17368767,0.0,0
2021-01-29 11:30:00-05:00,132.19000244140625,133.0500030517578,131.1999969482422,132.99000549316406,13924610,0.0,0
2021-01-29 12:00:00-05:00,132.96499633789062,133.30999755859375,131.4600067138672,131.968505859375,10709099,0.0,0
2021-01-29 12:30:00-05:00,131.9499969482422,132.22999572753906,130.2100067138672,130.5800018310547,16565728,0.0,0
2021-01-29 13:00:00-05:00,130.5800018310547,132.10000610351562,130.34010314941406,132.0500030517578,11062893,0.0,0
2021-01-29 13:30:00-05:00,132.0500030517578,132.80999755859375,131.47000122070312,131.64999389648438,10715986,0.0,0
2021-01-29 14:00:00-05:00,131.66000366210938,132.6300048828125,131.58999633789062,131.94500732421875,7401659,0.0,0
2021-01-29 14:30:00-05:00,131.92999267578125,132.07000732421875,131.02999877929688,131.63999938964844,7551265,0.0,0
2021-01-29 15:00:00-05:00,131.63009643554688,133.22000122070312,131.6103973388672,132.533203125,9829320,0.0,0
2021-01-29 15:30:00-05:00,132.5399932861328,133.5,131.72000122070312,131.80999755859375,17152038,0.0,0
2021-02-01 09:30:00-05:00,133.8800048828125,134.718994140625,131.0,132.3000030517578,20988300,0.0,0
2021-02-01 10:00:00-05:00,132.27000427246094,133.2899932861328,131.1999969482422,133.08999633789062,9975637,0.0,0
2021-02-01 10:30:00-05:00,133.11549377441406,133.83999633789062,132.4600067138672,132.9501953125,8246099,0.0,0
2021-02-01 11:00:00-05:00,132.97000122070312,134.10000610351562,132.2899932861328,134.02999877929688,7175970,0.0,0
2021-02-01 11:30:00-05:00,134.02099609375,134.42999267578125,133.64999389648438,133.77000427246094,6449417,0.0,0
2021-02-01 12:00:00-05:00,133.77000427246094,134.92999267578125,133.75999450683594,134.92129516601562,6383540,0.0,0
2021-02-01 12:30:00-05:00,134.9199981689453,134.9499969482422,134.30999755859375,134.82009887695312,5167252,0.0,0
2021-02-01 13:00:00-05:00,134.8300018310547,135.3800048828125,134.6300048828125,134.88999938964844,5882047,0.0,0
2021-02-01 13:30:00-05:00,134.89199829101562,135.1199951171875,134.27000427246094,134.74000549316406,5257553,0.0,0
2021-02-01 14:00:00-05:00,134.7382049560547,134.77499389648438,133.9600067138672,134.41000366210938,4450195,0.0,0
2021-02-01 14:30:00-05:00,134.41000366210938,134.57000732421875,133.8800048828125,134.22999572753906,4185159,0.0,0
2021-02-01 15:00:00-05:00,134.22999572753906,134.57000732421875,134.17999267578125,134.4300994873047,4083950,0.0,0
2021-02-01 15:30:00-05:00,134.42999267578125,134.83999633789062,134.0399932861328,134.11000061035156,9695383,0.0,0
2021-02-02 09:30:00-05:00,135.58999633789062,136.30999755859375,135.0,135.42999267578125,15997363,0.0,0
2021-02-02 10:00:00-05:00,135.43099975585938,136.02999877929688,135.11000061035156,135.1649932861328,7845964,0.0,0
2021-02-02 10:30:00-05:00,135.16079711914062,135.69000244140625,135.02000427246094,135.47999572753906,6233251,0.0,0
2021-02-02 11:00:00-05:00,135.47500610351562,135.66000366210938,135.13999938964844,135.25,4034508,0.0,0
2021-02-02 11:30:00-05:00,135.25990295410156,135.28939819335938,134.85000610351562,135.02999877929688,5090412,0.0,0
2021-02-02 12:00:00-05:00,135.03990173339844,135.2899932861328,134.9600067138672,135.26499938964844,3637107,0.0,0
2021-02-02 12:30:00-05:00,135.26499938964844,135.47999572753906,134.89999389648438,135.0,3417137,0.0,0
2021-02-02 13:00:00-05:00,135.00999450683594,135.08030700683594,134.6199951171875,134.76499938964844,3472811,0.0,0
2021-02-02 13:30:00-05:00,134.77000427246094,135.19000244140625,134.72000122070312,134.9893035888672,4061583,0.0,0
2021-02-02 14:00:00-05:00,134.97999572753906,135.1300048828125,134.82009887695312,135.05999755859375,2775669,0.0,0
2021-02-02 14:30:00-05:00,135.07000732421875,135.0800018310547,134.74000549316406,134.86000061035156,4338923,0.0,0
2021-02-02 15:00:00-05:00,134.8699951171875,134.99000549316406,134.61000061035156,134.9550018310547,4000606,0.0,0
2021-02-02 15:30:00-05:00,134.9600067138672,135.4499969482422,134.82150268554688,134.97999572753906,9308256,0.0,0
2021-02-03 09:30:00-05:00,135.75999450683594,135.77000427246094,134.42999267578125,135.341796875,12980548,0.0,0
2021-02-03 10:00:00-05:00,135.34840393066406,135.39999389648438,133.61000061035156,133.77149963378906,10449193,0.0,0
2021-02-03 10:30:00-05:00,133.77000427246094,134.30520629882812,133.6999969482422,134.10009765625,5705722,0.0,0
2021-02-03 11:00:00-05:00,134.11000061035156,134.48500061035156,133.8699951171875,134.07000732421875,4852890,0.0,0
2021-02-03 11:30:00-05:00,134.0800018310547,134.75999450683594,133.9199981689453,134.5850067138672,3380543,0.0,0
2021-02-03 12:00:00-05:00,134.5850067138672,135.0800018310547,134.5399932861328,134.7949981689453,4228306,0.0,0
2021-02-03 12:30:00-05:00,134.79930114746094,135.47000122070312,134.67999267578125,135.44529724121094,6784466,0.0,0
2021-02-03 13:00:00-05:00,135.4499053955078,135.5500030517578,134.82000732421875,134.98500061035156,4230233,0.0,0
2021-02-03 13:30:00-05:00,134.98080444335938,135.23989868164062,134.84500122070312,134.99330139160156,3142393,0.0,0
2021-02-03 14:00:00-05:00,134.99989318847656,135.0800018310547,134.50010681152344,134.67010498046875,3491242,0.0,0
2021-02-03 14:30:00-05:00,134.6750030517578,134.7519989013672,134.30999755859375,134.38499450683594,3914428,0.0,0
2021-02-03 15:00:00-05:00,134.3800048828125,134.58999633789062,134.07000732421875,134.15829467773438,7017563,0.0,0
2021-02-03 15:30:00-05:00,134.15130615234375,134.33999633789062,133.89999389648438,133.90499877929688,6926632,0.0,0
2021-02-04 09:30:00-05:00,136.3000030517578,136.47959899902344,135.1199951171875,135.27999877929688,16467571,0.0,0
2021-02-04 10:00:00-05:00,135.27499389648438,135.74000549316406,134.58999633789062,135.25999450683594,8793904,0.0,0
2021-02-04 10:30:00-05:00,135.2501983642578,135.5800018310547,134.99000549316406,135.01499938964844,4976849,0.0,0
2021-02-04 11:00:00-05:00,135.00999450683594,135.5780029296875,134.99000549316406,135.52000427246094,4630008,0.0,0
2021-02-04 11:30:00-05:00,135.5283966064453,136.33999633789062,135.4199981689453,136.02999877929688,4729084,0.0,0
2021-02-04 12:00:00-05:00,136.02960205078125,136.27000427246094,135.8699951171875,135.92999267578125,3780840,0.0,0
2021-02-04 12:30:00-05:00,135.92999267578125,136.05999755859375,135.75,135.8300018310547,2818329,0.0,0
2021-02-04 13:00:00-05:00,135.83999633789062,136.10000610351562,135.75,135.97079467773438,2442158,0.0,0
2021-02-04 13:30:00-05:00,135.97999572753906,136.27000427246094,135.97000122070312,136.2100067138672,2625464,0.0,0
2021-02-04 14:00:00-05:00,136.22000122070312,136.85000610351562,136.22000122070312,136.74000549316406,4920726,0.0,0
2021-02-04 14:30:00-05:00,136.7406005859375,136.7899932861328,136.4696044921875,136.74000549316406,3199656,0.0,0
2021-02-04 15:00:00-05:00,136.75,136.97999572753906,136.67999267578125,136.8699951171875,4565082,0.0,0
2021-02-04 15:30:00-05:00,136.8699951171875,137.39999389648438,136.72999572753906,137.39999389648438,8696774,0.0,0
2021-02-05 09:30:00-05:00,137.35000610351562,137.4199981689453,136.1999969482422,136.52999877929688,14308179,0.205,0
2021-02-05 10:00:00-05:00,136.5800018310547,136.75999450683594,135.86000061035156,136.39999389648438,7825879,0.0,0
2021-02-05 10:30:00-05:00,136.39500427246094,136.57000732421875,135.99000549316406,136.47000122070312,5224126,0.0,0
2021-02-05 11:00:00-05:00,136.47000122070312,136.6699981689453,136.1999969482422,136.29440307617188,4328652,0.0,0
2021-02-05 11:30:00-05:00,136.30499267578125,136.77000427246094,136.3000030517578,136.58889770507812,3262280,0.0,0
2021-02-05 12:00:00-05:00,136.5800018310547,137.02000427246094,136.51499938964844,136.99000549316406,4435545,0.0,0
2021-02-05 12:30:00-05:00,136.99920654296875,137.12930297851562,136.7899932861328,137.05990600585938,3428457,0.0,0
2021-02-05 13:00:00-05:00,137.05999755859375,137.3300018310547,136.94000244140625,137.0792999267578,4370446,0.0,0
2021-02-05 13:30:00-05:00,137.0749969482422,137.0800018310547,136.50999450683594,136.53500366210938,3870707,0.0,0
2021-02-05 14:00:00-05:00,136.5399932861328,136.77999877929688,136.4508056640625,136.5800018310547,3593368,0.0,0
2021-02-05 14:30:00-05:00,136.5800018310547,136.6999969482422,136.4199981689453,136.6649932861328,2647683,0.0,0
2021-02-05 15:00:00-05:00,136.66050720214844,136.74000549316406,136.05999755859375,136.2050018310547,5109504,0.0,0
2021-02-05 15:30:00-05:00,136.2008056640625,136.8300018310547,136.17999267578125,136.77000427246094,6528545,0.0,0
2021-02-08 09:30:00-05:00,136.17999267578125,136.1999969482422,134.97000122070312,135.69000244140625,14724656,0.0,0
2021-02-08 10:00:00-05:00,135.67999267578125,136.30999755859375,135.60000610351562,135.91000366210938,6390076,0.0,0
2021-02-08 10:30:00-05:00,135.90939331054688,136.67999267578125,135.8800048828125,136.61000061035156,5055335,0.0,0
2021-02-08 11:00:00-05:00,136.6199951171875,136.89999389648438,136.4199981689453,136.44500732421875,6033463,0.0,0
2021-02-08 11:30:00-05:00,136.44500732421875,136.52000427246094,135.83999633789062,136.23080444335938,5050311,0.0,0
2021-02-08 12:00:00-05:00,136.23500061035156,136.5399932861328,136.00999450683594,136.0800018310547,3545517,0.0,0
2021-02-08 12:30:00-05:00,136.07150268554688,136.3800048828125,135.83999633789062,135.9792938232422,3099230,0.0,0
2021-02-08 13:00:00-05:00,135.97500610351562,136.1300048828125,135.89999389648438,136.07080078125,2060518,0.0,0
2021-02-08 13:30:00-05:00,136.07000732421875,136.3000030517578,135.8000030517578,135.93299865722656,2785808,0.0,0
2021-02-08 14:00:00-05:00,135.9384002685547,136.08999633789062,135.91000366210938,136.02999877929688,2011560,0.0,0
2021-02-08 14:30:00-05:00,136.02499389648438,136.32000732421875,135.88999938964844,136.32000732421875,2437287,0.0,0
2021-02-08 15:00:00-05:00,136.32000732421875,136.42999267578125,136.13999938964844,136.32080078125,3270791,0.0,0
2021-02-08 15:30:00-05:00,136.3249969482422,136.9600067138672,136.25,136.90069580078125,7242688,0.0,0
2021-02-09 09:30:00-05:00,136.6199951171875,137.6199951171875,136.5,136.97500610351562,24172153,0.0,0
2021-02-09 10:00:00-05:00,136.86000061035156,137.5399932861328,136.82000732421875,137.25999450683594,5837542,0.0,0
2021-02-09 10:30:00-05:00,137.25889587402344,137.8769989013672,137.10000610351562,137.19439697265625,5894354,0.0,0
2021-02-09 11:00:00-05:00,137.19500732421875,137.27000427246094,136.56149291992188,136.69000244140625,5675245,0.0,0
2021-02-09 11:30:00-05:00,136.69000244140625,136.9691925048828,136.42999267578125,136.47000122070312,3585249,0.0,0
2021-02-09 12:00:00-05:00,136.4636993408203,136.7899932861328,136.42999267578125,136.59500122070312,2639563,0.0,0
2021-02-09 12:30:00-05:00,136.59080505371094,136.66000366210938,136.44000244140625,136.5749969482422,2397610,0.0,0
2021-02-09 13:00:00-05:00,136.57699584960938,136.61000061035156,136.17999267578125,136.22000122070312,2806538,0.0,0
2021-02-09 13:30:00-05:00,136.22999572753906,136.5500030517578,136.2100067138672,136.4149932861328,2801269,0.0,0
2021-02-09 14:00:00-05:00,136.41859436035156,136.69000244140625,136.41000366210938,136.63079833984375,1973908,0.0,0
2021-02-09 14:30:00-05:00,136.6300048828125,136.8000030517578,136.55999755859375,136.72500610351562,2360959,0.0,0
2021-02-09 15:00:00-05:00,136.71499633789062,136.74000549316406,136.3699951171875,136.40960693359375,2723491,0.0,0
2021-02-09 15:30:00-05:00,136.41990661621094,136.49000549316406,135.85000610351562,136.0,7199714,0.0,0
2021-02-10 09:30:00-05:00,136.58999633789062,136.99000549316406,136.1300048828125,136.38999938964844,9087877,0.0,0
2021-02-10 10:00:00-05:00,136.3800048828125,136.72999572753906,134.69000244140625,135.2100067138672,9924456,0.0,0
2021-02-10 10:30:00-05:00,135.1999969482422,135.6300048828125,134.39999389648438,135.356201171875,8151908,0.0,0
2021-02-10 11:00:00-05:00,135.35000610351562,135.5399932861328,134.82000732421875,135.11839294433594,6971897,0.0,0
2021-02-10 11:30:00-05:00,135.1300048828125,135.64999389648438,135.0399932861328,135.41000366210938,3727141,0.0,0
2021-02-10 12:00:00-05:00,135.4149932861328,135.4600067138672,135.0399932861328,135.2899932861328,3310060,0.0,0
2021-02-10 12:30:00-05:00,135.27999877929688,135.35850524902344,135.05499267578125,135.0850067138672,2213839,0.0,0
2021-02-10 13:00:00-05:00,135.08999633789062,135.24000549316406,134.92999267578125,135.19000244140625,2496717,0.0,0
2021-02-10 13:30:00-05:00,135.17999267578125,135.1999969482422,134.97000122070312,135.06700134277344,1786242,0.0,0
2021-02-10 14:00:00-05:00,135.07000732421875,135.52000427246094,135.0399932861328,135.51400756835938,2879219,0.0,0
2021-02-10 14:30:00-05:00,135.51930236816406,135.83999633789062,135.39999389648438,135.60350036621094,3258233,0.0,0
2021-02-10 15:00:00-05:00,135.61000061035156,135.8000030517578,135.3699951171875,135.5050048828125,3020922,0.0,0
2021-02-10 15:30:00-05:00,135.50999450683594,135.63999938964844,134.9499969482422,135.36000061035156,9801479,0.0,0
2021-02-11 09:30:00-05:00,135.89999389648438,136.38999938964844,135.0,135.0399932861328,11201946,0.0,0
2021-02-11 10:00:00-05:00,135.04049682617188,135.4149932861328,134.9199981689453,135.27099609375,5329861,0.0,0
2021-02-11 10:30:00-05:00,135.27000427246094,135.5399932861328,134.97000122070312,135.10629272460938,4276007,0.0,0
2021-02-11 11:00:00-05:00,135.1199951171875,135.2200927734375,134.9499969482422,135.0388946533203,2629121,0.0,0
2021-02-11 11:30:00-05:00,135.02999877929688,135.22000122070312,134.75,134.9001007080078,3058452,0.0,0
2021-02-11 12:00:00-05:00,134.91000366210938,135.0,134.0399932861328,134.06500244140625,4715927,0.0,0
2021-02-11 12:30:00-05:00,134.0800018310547,134.44000244140625,133.8800048828125,134.27999877929688,4237353,0.0,0
2021-02-11 13:00:00-05:00,134.28500366210938,134.32000732421875,133.9600067138672,134.28700256347656,3541940,0.0,0
2021-02-11 13:30:00-05:00,134.28500366210938,134.38999938964844,134.1699981689453,134.18499755859375,1921372,0.0,0
2021-02-11 14:00:00-05:00,134.17999267578125,134.18919372558594,133.77000427246094,134.04010009765625,5718254,0.0,0
2021-02-11 14:30:00-05:00,134.04930114746094,134.33999633789062,133.97999572753906,134.3350067138672,2702981,0.0,0
2021-02-11 15:00:00-05:00,134.3350067138672,134.9199981689453,134.3000030517578,134.75999450683594,3815184,0.0,0
2021-02-11 15:30:00-05:00,134.75999450683594,135.27999877929688,134.61000061035156,135.1199951171875,5778493,0.0,0
2021-02-12 09:30:00-05:00,134.35000610351562,134.72999572753906,133.7949981689453,133.8699951171875,9119727,0.0,0
2021-02-12 10:00:00-05:00,133.8699951171875,134.1199951171875,133.6920928955078,133.99989318847656,5830931,0.0,0
2021-02-12 10:30:00-05:00,134.0,134.8498992919922,133.77999877929688,134.5500030517578,5322785,0.0,0
2021-02-12 11:00:00-05:00,134.5500030517578,134.76499938964844,134.2899932861328,134.5299072265625,3484307,0.0,0
2021-02-12 11:30:00-05:00,134.52499389648438,134.67999267578125,134.3000946044922,134.30999755859375,2393730,0.0,0
2021-02-12 12:00:00-05:00,134.32000732421875,134.5,134.16000366210938,134.16990661621094,2168438,0.0,0
2021-02-12 12:30:00-05:00,134.16900634765625,134.3800048828125,134.07000732421875,134.30999755859375,3019329,0.0,0
2021-02-12 13:00:00-05:00,134.32000732421875,134.38499450683594,134.0,134.17999267578125,3129173,0.0,0
2021-02-12 13:30:00-05:00,134.19000244140625,134.3800048828125,134.16949462890625,134.27999877929688,2154571,0.0,0
2021-02-12 14:00:00-05:00,134.27000427246094,134.32989501953125,134.0800018310547,134.27999877929688,2325422,0.0,0
2021-02-12 14:30:00-05:00,134.27000427246094,134.69000244140625,134.25,134.60000610351562,3381163,0.0,0
2021-02-12 15:00:00-05:00,134.60000610351562,134.8000030517578,134.46009826660156,134.77999877929688,3022676,0.0,0
2021-02-12 15:30:00-05:00,134.77999877929688,135.52999877929688,134.77999877929688,135.3800048828125,8876998,0.0,0
2021-02-16 09:30:00-05:00,135.49000549316406,136.00999450683594,134.718994140625,135.04849243164062,12621155,0.0,0
2021-02-16 10:00:00-05:00,135.0449981689453,135.09840393066406,134.60000610351562,134.99000549316406,5454610,0.0,0
2021-02-16 10:30:00-05:00,134.98500061035156,135.14999389648438,134.14999389648438,134.32000732421875,5806399,0.0,0
2021-02-16 11:00:00-05:00,134.30499267578125,134.3249969482422,133.67999267578125,133.72000122070312,7369934,0.0,0
2021-02-16 11:30:00-05:00,133.72500610351562,133.75,132.9499969482422,133.10499572753906,8264333,0.0,0
2021-02-16 12:00:00-05:00,133.11000061035156,133.72999572753906,132.91000366210938,133.61000061035156,5774266,0.0,0
2021-02-16 12:30:00-05:00,133.61000061035156,133.6699981689453,133.30999755859375,133.47500610351562,2840258,0.0,0
2021-02-16 13:00:00-05:00,133.47999572753906,133.55999755859375,133.14999389648438,133.2884063720703,3248295,0.0,0
2021-02-16 13:30:00-05:00,133.27999877929688,133.35000610351562,132.7899932861328,132.9207000732422,3932640,0.0,0
2021-02-16 14:00:00-05:00,132.92840576171875,133.63999938964844,132.9199981689453,133.52920532226562,3425420,0.0,0
2021-02-16 14:30:00-05:00,133.5207061767578,133.5749969482422,133.1199951171875,133.1649932861328,2732831,0.0,0
2021-02-16 15:00:00-05:00,133.1699981689453,133.4600067138672,133.0500030517578,133.36500549316406,3597431,0.0,0
2021-02-16 15:30:00-05:00,133.3699951171875,133.3800048828125,133.02000427246094,133.16000366210938,6896709,0.0,0
2021-02-17 09:30:00-05:00,131.25,132.22000122070312,130.80999755859375,130.8292999267578,18363064,0.0,0
2021-02-17 10:00:00-05:00,130.8300018310547,131.0384979248047,129.88999938964844,130.25,14508393,0.0,0
2021-02-17 10:30:00-05:00,130.24000549316406,130.9405975341797,129.94000244140625,130.87930297851562,8228390,0.0,0
2021-02-17 11:00:00-05:00,130.8699951171875,130.99000549316406,129.47000122070312,129.71499633789062,9811415,0.0,0
2021-02-17 11:30:00-05:00,129.72000122070312,130.25999450683594,129.60000610351562,130.25,6656088,0.0,0
2021-02-17 12:00:00-05:00,130.25,130.36000061035156,129.69000244140625,129.96499633789062,5227894,0.0,0
2021-02-17 12:30:00-05:00,129.96470642089844,130.4199981689453,129.94500732421875,130.38499450683594,3780519,0.0,0
2021-02-17 13:00:00-05:00,130.38079833984375,130.5500030517578,130.1699981689453,130.48939514160156,3587908,0.0,0
2021-02-17 13:30:00-05:00,130.49000549316406,130.66000366210938,130.31500244140625,130.50999450683594,3150915,0.0,0
2021-02-17 14:00:00-05:00,130.50999450683594,130.74000549316406,130.3000030517578,130.375,3178112,0.0,0
2021-02-17 14:30:00-05:00,130.3699951171875,130.72000122070312,130.25,130.34500122070312,3121510,0.0,0
2021-02-17 15:00:00-05:00,130.34950256347656,130.83999633789062,130.25999450683594,130.69000244140625,5951955,0.0,0
2021-02-17 15:30:00-05:00,130.67999267578125,130.99000549316406,130.6750030517578,130.83999633789062,6734199,0.0,0
2021-02-18 09:30:00-05:00,129.1999969482422,129.67999267578125,128.5,129.52000427246094,15868870,0.0,0
2021-02-18 10:00:00-05:00,129.52999877929688,129.5800018310547,127.41000366210938,128.11990356445312,13069456,0.0,0
2021-02-18 10:30:00-05:00,128.10000610351562,128.70809936523438,127.83000183105469,128.5449981689453,7244920,0.0,0
2021-02-18 11:00:00-05:00,128.55499267578125,129.10499572753906,128.39199829101562,128.6757049560547,6232767,0.0,0
2021-02-18 11:30:00-05:00,128.6699981689453,128.7100067138672,128.1199951171875,128.33999633789062,6375235,0.0,0
2021-02-18 12:00:00-05:00,128.3350067138672,128.63980102539062,127.9000015258789,128.62010192871094,6395478,0.0,0
2021-02-18 12:30:00-05:00,128.625,128.8300018310547,128.4499969482422,128.6999053955078,4008061,0.0,0
2021-02-18 13:00:00-05:00,128.6999969482422,129.07000732421875,128.50999450683594,128.9949951171875,4457629,0.0,0
2021-02-18 13:30:00-05:00,129.0,129.0500030517578,128.4499969482422,128.55999755859375,3970730,0.0,0
2021-02-18 14:00:00-05:00,128.55999755859375,128.9199981689453,128.4615936279297,128.7100067138672,4545774,0.0,0
2021-02-18 14:30:00-05:00,128.6999969482422,129.1300048828125,128.64999389648438,129.0749969482422,3163638,0.0,0
2021-02-18 15:00:00-05:00,129.0749969482422,129.85000610351562,129.02999877929688,129.77000427246094,6026454,0.0,0
2021-02-18 15:30:00-05:00,129.77000427246094,129.9949951171875,129.5,129.71270751953125,9421447,0.0,0
2021-02-19 09:30:00-05:00,129.97999572753906,130.44500732421875,129.4499969482422,130.44000244140625,16203421,0.0,0
2021-02-19 10:00:00-05:00,130.44000244140625,130.52499389648438,129.47500610351562,129.67999267578125,6957606,0.0,0
2021-02-19 10:30:00-05:00,129.69000244140625,130.1699981689453,129.5500030517578,129.94500732421875,4750146,0.0,0
2021-02-19 11:00:00-05:00,129.94000244140625,130.7100067138672,129.82000732421875,130.5500030517578,6494983,0.0,0
2021-02-19 11:30:00-05:00,130.5449981689453,130.64999389648438,130.05999755859375,130.08999633789062,3356566,0.0,0
2021-02-19 12:00:00-05:00,130.07000732421875,130.1699981689453,129.57000732421875,129.6699981689453,4417862,0.0,0
2021-02-19 12:30:00-05:00,129.6699981689453,129.8300018310547,129.02999877929688,129.3350067138672,7568957,0.0,0
2021-02-19 13:00:00-05:00,129.3300018310547,129.4199981689453,128.8000030517578,128.97999572753906,5193631,0.0,0
2021-02-19 13:30:00-05:00,128.96499633789062,129.2899932861328,128.8300018310547,129.125,3502053,0.0,0
2021-02-19 14:00:00-05:00,129.1300048828125,129.54010009765625,128.8000030517578,128.88619995117188,3865266,0.0,0
2021-02-19 14:30:00-05:00,128.8804931640625,129.65499877929688,128.8699951171875,129.64500427246094,4183583,0.0,0
2021-02-19 15:00:00-05:00,129.63999938964844,129.9499969482422,129.5800018310547,129.88999938964844,5026327,0.0,0
2021-02-19 15:30:00-05:00,129.89500427246094,130.10000610351562,129.74000549316406,129.85000610351562,8104476,0.0,0
2021-02-22 09:30:00-05:00,128.00999450683594,129.72000122070312,127.91590118408203,128.48500061035156,15003754,0.0,0
2021-02-22 10:00:00-05:00,128.4801025390625,128.85000610351562,126.81999969482422,127.12989807128906,11657522,0.0,0
2021-02-22 10:30:00-05:00,127.11000061035156,127.25,125.5999984741211,125.92620086669922,13344578,0.0,0
2021-02-22 11:00:00-05:00,125.91999816894531,126.9800033569336,125.79000091552734,126.86009979248047,7698762,0.0,0
2021-02-22 11:30:00-05:00,126.86000061035156,127.25,126.62999725341797,126.90499877929688,5107407,0.0,0
2021-02-22 12:00:00-05:00,126.9000015258789,126.9000015258789,126.5,126.71800231933594,3960876,0.0,0
2021-02-22 12:30:00-05:00,126.71499633789062,127.25700378417969,126.63999938964844,127.25700378417969,3718289,0.0,0
2021-02-22 13:00:00-05:00,127.2500991821289,127.31999969482422,126.94000244140625,127.26000213623047,3012393,0.0,0
2021-02-22 13:30:00-05:00,127.25,127.95999908447266,127.24079895019531,127.76000213623047,4081147,0.0,0
2021-02-22 14:00:00-05:00,127.7699966430664,127.81999969482422,127.48570251464844,127.66500091552734,3162173,0.0,0
2021-02-22 14:30:00-05:00,127.66000366210938,127.70999908447266,127.19000244140625,127.29000091552734,3412946,0.0,0
2021-02-22 15:00:00-05:00,127.28500366210938,127.29499816894531,126.46099853515625,126.48870086669922,6409419,0.0,0
2021-02-22 15:30:00-05:00,126.48480224609375,126.75,126.0,126.0,13222973,0.0,0
2021-02-23 09:30:00-05:00,123.76000213623047,123.79000091552734,118.5999984741211,121.7300033569336,39942781,0.0,0
2021-02-23 10:00:00-05:00,121.72000122070312,123.22000122070312,121.4000015258789,123.20999908447266,15692411,0.0,0
2021-02-23 10:30:00-05:00,123.19999694824219,123.93000030517578,122.56999969482422,123.71990203857422,10556396,0.0,0
2021-02-23 11:00:00-05:00,123.51950073242188,124.12000274658203,122.80999755859375,123.02999877929688,9264467,0.0,0
2021-02-23 11:30:00-05:00,123.01010131835938,123.25,122.0199966430664,122.12999725341797,7582903,0.0,0
2021-02-23 12:00:00-05:00,122.12000274658203,122.53990173339844,121.30999755859375,122.42240142822266,8858038,0.0,0
2021-02-23 12:30:00-05:00,122.41999816894531,122.80999755859375,121.5,122.1500015258789,8814548,0.0,0
2021-02-23 13:00:00-05:00,122.13999938964844,123.75,121.91999816894531,123.54000091552734,7262597,0.0,0
2021-02-23 13:30:00-05:00,123.55999755859375,124.5999984741211,123.45999908447266,124.41000366210938,7367994,0.0,0
2021-02-23 14:00:00-05:00,124.4000015258789,125.19200134277344,124.19000244140625,124.75,8000944,0.0,0
2021-02-23 14:30:00-05:00,124.7656021118164,125.6500015258789,124.4000015258789,125.62999725341797,6399255,0.0,0
2021-02-23 15:00:00-05:00,125.64929962158203,126.69999694824219,125.47000122070312,126.6500015258789,10432157,0.0,0
2021-02-23 15:30:00-05:00,126.63999938964844,126.70999908447266,125.66000366210938,125.8499984741211,10688071,0.0,0
2021-02-24 09:30:00-05:00,124.94000244140625,125.33000183105469,123.20999908447266,123.36419677734375,20217750,0.0,0
2021-02-24 10:00:00-05:00,123.37000274658203,124.07520294189453,122.2300033569336,124.01499938964844,13540614,0.0,0
2021-02-24 10:30:00-05:00,124.0199966430664,124.4800033569336,123.5,124.26000213623047,7440238,0.0,0
2021-02-24 11:00:00-05:00,124.25499725341797,124.93000030517578,123.98999786376953,124.56169891357422,7186412,0.0,0
2021-02-24 11:30:00-05:00,124.55999755859375,124.91999816894531,124.1500015258789,124.529296875,5931211,0.0,0
2021-02-24 12:00:00-05:00,124.5199966430664,125.11000061035156,124.5199966430664,125.1050033569336,5946909,0.0,0
2021-02-24 12:30:00-05:00,125.11000061035156,125.13999938964844,124.41000366210938,124.43199920654297,5357484,0.0,0
2021-02-24 13:00:00-05:00,124.43299865722656,124.58999633789062,123.94999694824219,124.44999694824219,5908190,0.0,0
2021-02-24 13:30:00-05:00,124.45999908447266,125.18499755859375,124.43460083007812,124.93000030517578,5916648,0.0,0
2021-02-24 14:00:00-05:00,124.91999816894531,124.98999786376953,124.31999969482422,124.45999908447266,4595566,0.0,0
2021-02-24 14:30:00-05:00,124.45999908447266,124.77999877929688,124.28150177001953,124.45670318603516,3884935,0.0,0
2021-02-24 15:00:00-05:00,124.45999908447266,124.93000030517578,124.20999908447266,124.93000030517578,5662087,0.0,0
2021-02-24 15:30:00-05:00,124.92009735107422,125.55999755859375,124.72000122070312,125.30999755859375,11122276,0.0,0
2021-02-25 09:30:00-05:00,124.75,126.45850372314453,124.48999786376953,124.62999725341797,15600529,0.0,0
2021-02-25 10:00:00-05:00,124.62999725341797,124.66000366210938,123.61000061035156,124.02069854736328,10420443,0.0,0
2021-02-25 10:30:00-05:00,124.02999877929688,124.04989624023438,123.12999725341797,124.0,10196138,0.0,0
2021-02-25 11:00:00-05:00,123.98999786376953,124.2300033569336,123.48999786376953,123.69000244140625,6010188,0.0,0
2021-02-25 11:30:00-05:00,123.69499969482422,123.71499633789062,122.44999694824219,122.58999633789062,9346168,0.0,0
2021-02-25 12:00:00-05:00,122.58999633789062,122.88999938964844,122.12000274658203,122.25,8792253,0.0,0
2021-02-25 12:30:00-05:00,122.25,122.55999755859375,121.26000213623047,121.27999877929688,10810878,0.0,0
2021-02-25 13:00:00-05:00,121.27999877929688,122.625,120.75,122.12000274658203,12136226,0.0,0
2021-02-25 13:30:00-05:00,122.12000274658203,122.6500015258789,121.76000213623047,122.18499755859375,7088266,0.0,0
2021-02-25 14:00:00-05:00,122.17500305175781,123.43000030517578,122.05000305175781,123.15499877929688,7459105,0.0,0
2021-02-25 14:30:00-05:00,123.15499877929688,123.2300033569336,121.98999786376953,122.05999755859375,6514862,0.0,0
2021-02-25 15:00:00-05:00,122.05000305175781,122.29000091552734,121.23999786376953,121.31999969482422,9899278,0.0,0
2021-02-25 15:30:00-05:00,121.31999969482422,122.06279754638672,120.54000091552734,120.98999786376953,19085955,0.0,0
2021-02-26 09:30:00-05:00,122.58999633789062,123.94989776611328,122.0,122.31500244140625,20652427,0.0,0
2021-02-26 10:00:00-05:00,122.31999969482422,122.87000274658203,121.29000091552734,121.5,14590543,0.0,0
2021-02-26 10:30:00-05:00,121.47000122070312,124.12000274658203,121.4000015258789,123.83999633789062,13742827,0.0,0
2021-02-26 11:00:00-05:00,123.83999633789062,124.20999908447266,123.0,123.49500274658203,9666388,0.0,0
2021-02-26 11:30:00-05:00,123.51000213623047,124.4800033569336,123.4198989868164,124.36000061035156,7985321,0.0,0
2021-02-26 12:00:00-05:00,124.3499984741211,124.76000213623047,123.7300033569336,124.19969940185547,7448659,0.0,0
2021-02-26 12:30:00-05:00,124.19999694824219,124.40989685058594,123.58499908447266,123.68000030517578,5517008,0.0,0
2021-02-26 13:00:00-05:00,123.68499755859375,124.31999969482422,123.25499725341797,124.27999877929688,5241217,0.0,0
2021-02-26 13:30:00-05:00,124.29000091552734,124.3499984741211,122.76000213623047,123.06999969482422,7048677,0.0,0
2021-02-26 14:00:00-05:00,123.06999969482422,123.41999816894531,122.77999877929688,123.04989624023438,6909098,0.0,0
2021-02-26 14:30:00-05:00,123.04000091552734,123.68499755859375,122.9000015258789,123.58999633789062,6689420,0.0,0
2021-02-26 15:00:00-05:00,123.58999633789062,124.36000061035156,123.56999969482422,123.63999938964844,8064262,0.0,0
2021-02-26 15:30:00-05:00,123.62999725341797,124.8499984741211,121.20999908447266,121.20999908447266,22304902,0.0,0
2021-03-01 09:30:00-05:00,123.75,124.83999633789062,123.07009887695312,124.81009674072266,20477265,0.0,0
2021-03-01 10:00:00-05:00,124.81999969482422,125.25,124.5000991821289,125.08499908447266,10286022,0.0,0
2021-03-01 10:30:00-05:00,125.08499908447266,125.72000122070312,124.88009643554688,125.61219787597656,7845602,0.0,0
2021-03-01 11:00:00-05:00,125.62999725341797,126.15499877929688,125.42500305175781,125.87989807128906,8025099,0.0,0
2021-03-01 11:30:00-05:00,125.87999725341797,126.5999984741211,125.78990173339844,126.54000091552734,7177544,0.0,0
2021-03-01 12:00:00-05:00,126.54000091552734,126.62000274658203,125.83000183105469,126.2300033569336,6332312,0.0,0
2021-03-01 12:30:00-05:00,126.23999786376953,126.4000015258789,125.94000244140625,126.16010284423828,4016887,0.0,0
2021-03-01 13:00:00-05:00,126.16999816894531,126.2699966430664,125.66999816894531,126.20929718017578,4467815,0.0,0
2021-03-01 13:30:00-05:00,126.20500183105469,126.55500030517578,126.08999633789062,126.3499984741211,4151907,0.0,0
2021-03-01 14:00:00-05:00,126.36000061035156,127.2300033569336,126.27010345458984,127.1050033569336,6932659,0.0,0
2021-03-01 14:30:00-05:00,127.11000061035156,127.75,126.91000366210938,127.57499694824219,6553253,0.0,0
2021-03-01 15:00:00-05:00,127.58499908447266,127.72000122070312,127.29000091552734,127.55999755859375,6366766,0.0,0
2021-03-01 15:30:00-05:00,127.56500244140625,127.93000030517578,127.2699966430664,127.79000091552734,11684669,0.0,0
2021-03-02 09:30:00-05:00,128.1300048828125,128.35000610351562,126.19000244140625,126.7300033569336,18295879,0.0,0
2021-03-02 10:00:00-05:00,126.73500061035156,127.19840240478516,125.9800033569336,126.06990051269531,9207179,0.0,0
2021-03-02 10:30:00-05:00,126.05999755859375,126.43000030517578,125.7300033569336,126.19000244140625,7470138,0.0,0
2021-03-02 11:00:00-05:00,126.18000030517578,126.44999694824219,125.5,125.95999908447266,6958043,0.0,0
2021-03-02 11:30:00-05:00,125.95999908447266,126.04000091552734,125.45999908447266,125.81999969482422,5838550,0.0,0
2021-03-02 12:00:00-05:00,125.81500244140625,126.25,125.72000122070312,126.0896987915039,5315532,0.0,0
2021-03-02 12:30:00-05:00,126.08999633789062,126.68000030517578,126.06999969482422,126.16999816894531,4408680,0.0,0
2021-03-02 13:00:00-05:00,126.16999816894531,126.41999816894531,125.99500274658203,126.12999725341797,3586947,0.0,0
2021-03-02 13:30:00-05:00,126.12999725341797,126.37999725341797,125.94999694824219,125.9800033569336,3804806,0.0,0
2021-03-02 14:00:00-05:00,125.9800033569336,126.16999816894531,125.58000183105469,125.6500015258789,4866079,0.0,0
2021-03-02 14:30:00-05:00,125.6500015258789,126.20020294189453,125.58000183105469,126.01499938964844,4083933,0.0,0
2021-03-02 15:00:00-05:00,126.0199966430664,126.31439971923828,125.4800033569336,125.58999633789062,5719974,0.0,0
2021-03-02 15:30:00-05:00,125.59839630126953,125.98999786376953,125.01000213623047,125.16010284423828,11472195,0.0,0
